date,open,high,low,close,volume,amount,price_type
2022-01-04,12.610,14.980,12.060,13.740,1276130.000,,raw
2022-01-05,13.060,13.230,11.810,11.850,871173.000,,raw
2022-01-06,11.510,12.900,11.500,12.430,655935.000,,raw
2022-01-07,12.500,13.260,11.600,11.990,582425.000,,raw
2022-01-10,12.390,13.140,12.200,12.500,568848.000,,raw
2022-01-11,12.450,13.300,12.440,12.880,594320.000,,raw
2022-01-12,12.870,14.180,12.560,14.000,797947.000,,raw
2022-01-13,13.820,14.940,12.910,14.100,920222.000,,raw
2022-01-14,14.450,16.920,14.200,16.920,1115457.000,,raw
2022-01-17,18.000,20.300,17.700,20.300,1127938.000,,raw
2022-01-18,20.250,20.250,18.500,18.600,1353927.000,,raw
2022-01-19,17.810,21.990,17.810,20.860,1334663.000,,raw
2022-01-20,21.150,22.100,19.510,20.460,1178662.000,,raw
2022-01-21,19.570,19.830,16.530,17.300,1146405.000,,raw
2022-01-24,16.510,17.970,16.250,16.490,671717.000,,raw
2022-01-25,16.510,16.980,13.520,13.530,1072753.000,,raw
2022-01-26,13.620,13.910,12.200,12.240,822840.000,,raw
2022-01-27,12.690,13.090,12.030,12.270,811889.000,,raw
2022-01-28,12.320,12.500,11.400,11.600,626988.000,,raw
2022-02-07,11.770,11.840,10.820,11.320,426467.000,,raw
2022-02-08,11.630,13.380,11.380,12.670,852458.000,,raw
2022-02-09,12.420,13.290,11.710,12.900,853625.000,,raw
2022-02-10,12.880,13.700,12.630,13.070,741282.000,,raw
2022-02-11,12.730,12.910,11.950,12.020,620938.000,,raw
2022-02-14,12.350,13.390,12.350,13.330,839454.000,,raw
2022-02-15,12.960,13.860,12.620,13.440,797282.000,,raw
2022-02-16,13.600,13.620,12.910,13.050,670921.000,,raw
2022-02-17,13.400,15.660,13.310,15.660,1351840.000,,raw
2022-02-18,15.370,17.970,14.970,16.920,1397001.000,,raw
2022-02-21,17.300,17.880,16.030,17.350,1182929.000,,raw
2022-02-22,16.900,19.950,15.640,17.250,1348506.000,,raw
2022-02-23,17.000,20.700,16.990,20.700,1518773.000,,raw
2022-02-24,20.700,21.800,16.560,16.560,1831382.000,,raw
2022-02-25,16.540,18.860,16.520,17.550,1307295.000,,raw
2022-02-28,18.050,20.490,17.810,19.660,1355204.000,,raw
2022-03-01,19.550,21.100,19.100,20.200,1228606.000,,raw
2022-03-02,20.510,20.880,19.050,19.600,1051861.000,,raw
2022-03-03,19.300,21.100,19.130,19.950,1068509.000,,raw
2022-03-04,19.200,21.780,19.050,19.860,1110107.000,,raw
2022-03-07,19.970,20.840,19.450,20.030,798663.000,,raw
2022-03-08,19.400,19.400,16.680,16.840,1119211.000,,raw
2022-03-09,17.480,18.340,16.510,17.780,895881.000,,raw
2022-03-10,18.000,18.840,17.400,18.640,1013329.000,,raw
2022-03-11,18.000,19.300,17.850,19.070,936220.000,,raw
2022-03-14,22.000,22.000,19.600,19.820,1212591.000,,raw
2022-03-15,20.000,23.720,19.520,22.020,1660589.000,,raw
2022-03-16,21.200,21.790,19.000,20.650,1378820.000,,raw
2022-03-17,19.970,21.750,19.300,20.500,1246446.000,,raw
2022-03-18,19.600,22.350,19.600,21.130,1228295.000,,raw
2022-03-21,21.160,23.280,20.670,21.800,1275739.000,,raw
2022-03-22,21.180,21.490,19.970,20.200,933071.000,,raw
2022-03-23,19.950,20.560,18.780,18.910,801212.000,,raw
2022-03-24,18.800,19.880,18.420,19.060,640797.000,,raw
2022-03-25,19.300,19.800,18.790,19.050,514676.000,,raw
2022-03-28,19.060,19.420,17.580,17.970,611410.000,,raw
2022-03-29,17.460,18.350,17.170,17.390,501878.000,,raw
2022-03-30,17.300,18.290,16.910,17.730,530204.000,,raw
2022-03-31,17.500,18.420,17.360,17.490,568940.000,,raw
2022-04-01,17.000,17.750,16.820,16.820,445397.000,,raw
2022-04-06,17.230,18.690,16.940,18.320,673473.000,,raw
2022-04-07,18.500,18.730,17.410,17.480,483703.000,,raw
2022-04-08,17.200,17.780,15.510,16.520,576784.000,,raw
2022-04-11,16.490,16.500,15.280,15.400,391198.000,,raw
2022-04-12,15.500,15.620,14.750,15.030,353308.000,,raw
2022-04-13,15.020,15.600,14.010,15.350,591659.000,,raw
2022-04-14,15.350,16.400,15.200,15.850,519682.000,,raw
2022-04-15,15.730,16.380,14.920,15.710,535789.000,,raw
2022-04-18,15.500,15.500,14.700,14.740,353107.000,,raw
2022-04-19,15.120,15.650,14.610,14.730,369495.000,,raw
2022-04-20,15.180,15.190,14.050,14.050,354747.000,,raw
2022-04-21,13.710,14.190,13.080,13.180,440824.000,,raw
2022-04-22,13.100,13.100,12.400,12.520,373786.000,,raw
2022-04-25,12.430,12.510,11.400,11.500,406369.000,,raw
2022-04-26,11.680,11.910,11.080,11.180,367306.000,,raw
2022-04-27,10.530,11.580,10.440,11.360,506725.000,,raw
2022-04-28,11.380,12.190,10.750,11.480,620689.000,,raw
2022-04-29,11.730,13.780,11.730,13.780,864650.000,,raw
2022-05-05,13.770,14.460,13.480,14.150,907047.000,,raw
2022-05-06,13.350,14.600,13.210,14.290,682449.000,,raw
2022-05-09,15.070,15.450,14.570,14.660,712581.000,,raw
2022-05-10,14.300,16.000,14.300,15.530,667028.000,,raw
2022-05-11,15.290,17.790,15.200,15.910,971689.000,,raw
2022-05-12,15.600,16.400,15.400,15.700,608781.000,,raw
2022-05-13,16.040,16.680,15.510,16.110,616628.000,,raw
2022-05-16,16.010,16.250,14.750,15.060,583618.000,,raw
2022-05-17,14.970,14.980,14.140,14.250,460566.000,,raw
2022-05-18,14.230,15.080,14.150,14.760,388503.000,,raw
2022-05-19,14.660,15.920,14.550,15.470,542143.000,,raw
2022-05-20,15.550,15.720,14.890,15.020,400664.000,,raw
2022-05-23,15.360,15.450,14.800,15.020,265895.000,,raw
2022-05-24,15.010,15.010,13.950,13.950,363073.000,,raw
2022-05-25,13.810,14.350,13.530,14.200,307907.000,,raw
2022-05-26,14.070,14.190,13.610,13.910,220431.000,,raw
2022-05-27,13.880,14.110,13.510,13.750,212271.000,,raw
2022-05-30,13.620,13.890,13.120,13.330,251368.000,,raw
2022-05-31,13.340,13.580,12.910,13.370,234485.000,,raw
2022-06-01,13.290,13.630,12.650,12.820,300467.000,,raw
2022-06-02,13.000,13.060,12.530,12.560,214150.000,,raw
2022-06-06,12.560,12.630,12.350,12.560,226805.000,,raw
2022-06-07,12.430,13.480,12.370,13.270,510376.000,,raw
2022-06-08,13.220,13.250,12.610,12.700,338559.000,,raw
2022-06-09,12.630,12.690,11.900,11.900,329736.000,,raw
2022-06-10,12.000,12.930,11.980,12.410,324864.000,,raw
2022-06-13,12.340,13.240,12.050,12.960,418467.000,,raw
2022-06-14,12.600,12.960,12.190,12.440,281893.000,,raw
2022-06-15,12.440,12.680,12.160,12.170,237239.000,,raw
2022-06-16,12.160,12.690,12.160,12.420,250163.000,,raw
2022-06-17,12.290,12.590,12.020,12.450,271335.000,,raw
2022-06-20,12.620,13.880,12.620,13.600,654846.000,,raw
2022-06-21,13.470,13.800,13.010,13.130,369373.000,,raw
2022-06-22,13.000,13.880,13.000,13.530,417064.000,,raw
2022-06-23,13.350,13.500,13.080,13.380,277551.000,,raw
2022-06-24,13.330,13.780,13.280,13.510,304255.000,,raw
2022-06-27,13.590,13.850,13.250,13.290,273170.000,,raw
2022-06-28,13.200,13.860,12.840,13.540,366256.000,,raw
2022-06-29,13.490,14.200,13.400,13.540,457915.000,,raw
2022-06-30,13.480,14.180,13.480,13.870,407263.000,,raw
2022-07-01,13.870,13.970,13.430,13.490,256088.000,,raw
2022-07-04,13.710,14.590,13.710,14.400,530336.000,,raw
2022-07-05,14.400,14.910,14.290,14.690,404512.000,,raw
2022-07-06,14.890,15.000,14.400,14.470,316267.000,,raw
2022-07-07,14.630,14.760,13.910,14.300,278514.000,,raw
2022-07-08,14.430,15.140,14.420,15.000,447924.000,,raw
2022-07-11,15.260,16.780,15.140,16.010,623022.000,,raw
2022-07-12,15.980,16.200,15.120,15.490,393563.000,,raw
2022-07-13,15.690,15.870,15.010,15.150,281110.000,,raw
2022-07-14,15.150,15.370,14.820,14.880,248019.000,,raw
2022-07-15,14.770,14.800,14.000,14.150,319713.000,,raw
2022-07-18,14.150,14.590,13.700,14.400,212231.000,,raw
2022-07-19,14.480,15.080,14.400,14.670,278846.000,,raw
2022-07-20,14.660,15.560,14.570,15.400,388104.000,,raw
2022-07-21,15.320,15.770,15.230,15.250,294743.000,,raw
2022-07-22,15.700,16.060,15.250,15.280,337046.000,,raw
2022-07-25,15.510,16.020,15.420,15.630,354659.000,,raw
2022-07-26,15.560,15.630,14.400,14.880,316138.000,,raw
2022-07-27,15.380,15.830,14.360,14.620,403667.000,,raw
2022-07-28,14.480,14.550,13.850,13.860,381047.000,,raw
2022-07-29,13.880,13.890,13.120,13.220,329911.000,,raw
2022-08-01,13.130,13.520,12.920,13.250,193719.000,,raw
2022-08-02,12.890,12.990,11.950,12.070,380869.000,,raw
2022-08-03,12.010,12.500,12.000,12.040,240906.000,,raw
2022-08-04,12.200,13.230,12.200,13.050,481214.000,,raw
2022-08-05,13.550,13.590,12.600,12.700,305157.000,,raw
2022-08-08,12.900,13.160,12.790,12.910,238119.000,,raw
2022-08-09,12.630,12.800,12.310,12.440,214521.000,,raw
2022-08-10,12.410,12.780,12.220,12.610,210967.000,,raw
2022-08-11,12.610,12.660,12.420,12.570,154378.000,,raw
2022-08-12,12.530,12.780,12.530,12.570,137061.000,,raw
2022-08-15,12.400,12.810,12.300,12.640,137594.000,,raw
2022-08-16,12.600,12.710,12.460,12.510,120640.000,,raw
2022-08-17,12.690,12.810,12.500,12.510,134458.000,,raw
2022-08-18,12.470,12.550,12.130,12.160,183284.000,,raw
2022-08-19,12.160,12.220,11.830,11.850,176407.000,,raw
2022-08-22,11.830,12.090,11.490,11.980,135159.000,,raw
2022-08-23,11.950,11.980,11.600,11.620,157561.000,,raw
2022-08-24,11.670,11.750,11.100,11.200,196966.000,,raw
2022-08-25,11.700,11.980,11.560,11.560,246569.000,,raw
2022-08-26,11.380,11.560,11.060,11.150,173156.000,,raw
2022-08-29,10.810,11.330,10.740,11.200,122241.000,,raw
2022-08-30,11.170,11.460,11.170,11.220,122656.000,,raw
2022-08-31,11.250,11.300,10.800,10.890,129395.000,,raw
2022-09-01,10.870,11.250,10.810,11.060,149120.000,,raw
2022-09-02,11.070,11.460,11.070,11.230,125936.000,,raw
2022-09-05,11.630,11.660,11.350,11.390,149411.000,,raw
2022-09-06,11.290,11.430,11.160,11.250,113654.000,,raw
2022-09-07,11.280,11.570,11.250,11.390,139351.000,,raw
2022-09-08,11.260,11.290,11.000,11.020,129966.000,,raw
2022-09-09,11.150,11.680,11.130,11.240,178989.000,,raw
2022-09-13,11.180,11.350,11.020,11.250,102108.000,,raw
2022-09-14,11.030,11.200,10.870,11.170,97128.000,,raw
2022-09-15,11.230,11.310,10.540,10.760,135864.000,,raw
2022-09-16,10.760,10.800,10.290,10.340,117990.000,,raw
2022-09-19,10.480,10.490,10.070,10.130,79838.000,,raw
2022-09-20,10.050,10.750,10.050,10.620,163134.000,,raw
2022-09-21,10.560,10.620,10.250,10.470,92968.000,,raw
2022-09-22,10.380,10.510,10.110,10.140,105213.000,,raw
2022-09-23,10.110,10.220,9.840,9.930,111470.000,,raw
2022-09-26,9.990,9.990,9.650,9.660,101258.000,,raw
2022-09-27,9.650,10.040,9.650,10.040,156572.000,,raw
2022-09-28,9.990,10.190,9.620,9.630,148325.000,,raw
2022-09-29,9.760,9.940,9.360,9.490,124543.000,,raw
2022-09-30,9.540,9.780,9.430,9.550,127842.000,,raw
2022-10-10,9.770,9.940,9.290,9.350,140447.000,,raw
2022-10-11,9.350,9.500,8.950,9.390,175839.000,,raw
2022-10-12,9.380,9.600,9.120,9.580,138257.000,,raw
2022-10-13,9.490,10.030,9.460,9.850,196175.000,,raw
2022-10-14,9.870,10.450,9.800,10.310,246491.000,,raw
2022-10-17,10.410,10.600,10.350,10.500,193414.000,,raw
2022-10-18,10.600,10.900,10.260,10.710,254878.000,,raw
2022-10-19,10.570,10.730,10.360,10.440,165891.000,,raw
2022-10-20,10.460,11.280,10.400,10.500,413713.000,,raw
2022-10-21,10.480,10.760,10.160,10.450,218353.000,,raw
2022-10-24,10.720,11.160,10.130,10.180,212646.000,,raw
2022-10-25,10.130,10.280,9.740,9.950,169505.000,,raw
2022-10-26,9.950,10.540,9.950,10.430,247948.000,,raw
2022-10-27,10.480,10.680,10.190,10.530,232474.000,,raw
2022-10-28,10.480,10.680,9.950,9.980,186415.000,,raw
2022-10-31,9.960,10.600,9.910,10.400,264897.000,,raw
2022-11-01,10.550,10.880,10.230,10.810,335335.000,,raw
2022-11-02,10.700,12.970,10.610,12.400,1066506.000,,raw
2022-11-03,11.880,12.280,11.680,11.980,737653.000,,raw
2022-11-04,12.160,13.480,11.930,12.930,847090.000,,raw
2022-11-07,13.730,15.000,13.330,14.830,1013494.000,,raw
2022-11-08,14.410,15.260,14.240,14.760,807681.000,,raw
2022-11-09,14.590,15.890,14.460,14.880,957461.000,,raw
2022-11-10,15.160,15.340,14.070,14.300,837742.000,,raw
2022-11-11,15.020,15.300,13.530,13.900,1159013.000,,raw
2022-11-14,13.410,14.580,13.410,14.380,802978.000,,raw
2022-11-15,14.510,14.650,13.880,14.160,576888.000,,raw
2022-11-16,14.300,15.800,14.110,15.080,1001886.000,,raw
2022-11-17,14.700,16.190,14.700,15.420,925351.000,,raw
2022-11-18,15.290,15.800,14.940,15.400,688139.000,,raw
2022-11-21,15.190,15.550,14.770,14.800,554715.000,,raw
2022-11-22,14.900,15.440,14.350,14.590,531537.000,,raw
2022-11-23,14.430,14.630,13.880,14.070,426518.000,,raw
2022-11-24,14.290,14.580,13.990,14.450,383402.000,,raw
2022-11-25,14.170,16.860,13.910,16.450,1055950.000,,raw
2022-11-28,16.400,16.950,16.000,16.840,777482.000,,raw
2022-11-29,16.880,19.600,16.620,18.940,1149875.000,,raw
2022-11-30,18.990,20.420,18.550,19.170,1155004.000,,raw
2022-12-01,19.500,19.500,17.400,18.000,962039.000,,raw
2022-12-02,17.820,19.170,17.690,18.950,800585.000,,raw
2022-12-05,19.680,19.880,18.510,18.600,841602.000,,raw
2022-12-06,18.400,19.580,17.550,17.550,894216.000,,raw
2022-12-07,17.350,17.850,16.700,17.420,795894.000,,raw
2022-12-08,17.340,17.640,16.660,16.850,740349.000,,raw
2022-12-09,16.870,19.780,16.870,19.400,1136775.000,,raw
2022-12-12,19.980,22.190,19.770,21.700,1213486.000,,raw
2022-12-13,21.630,22.360,20.570,21.090,1059164.000,,raw
2022-12-14,21.230,22.140,20.460,20.850,786194.000,,raw
2022-12-15,21.030,23.180,20.180,22.280,1034144.000,,raw
2022-12-16,22.450,24.440,22.200,22.750,1231556.000,,raw
2022-12-19,22.000,22.530,20.500,20.750,946987.000,,raw
2022-12-20,20.990,22.660,19.550,22.120,1068964.000,,raw
2022-12-21,22.130,23.890,21.810,23.200,1030218.000,,raw
2022-12-22,23.000,24.360,22.480,22.810,972096.000,,raw
2022-12-23,22.880,23.700,21.580,22.980,876085.000,,raw
2022-12-26,22.580,23.660,20.400,21.500,914996.000,,raw
2022-12-27,20.190,20.800,17.200,17.200,762440.000,,raw
2022-12-28,16.530,17.580,15.950,16.300,882123.000,,raw
2022-12-29,16.500,19.120,16.320,18.620,1010975.000,,raw
2022-12-30,18.440,18.740,17.400,17.580,612641.000,,raw
2023-01-03,18.210,18.560,17.790,18.000,523369.000,,raw
2023-01-04,18.170,19.340,17.220,18.230,848525.000,,raw
2023-01-05,18.250,19.060,17.700,18.670,598511.000,,raw
2023-01-06,18.900,19.900,18.460,19.480,743034.000,,raw
2023-01-09,19.510,20.090,18.400,18.730,671738.000,,raw
2023-01-10,18.410,19.100,17.990,18.410,440095.000,,raw
2023-01-11,18.420,18.870,17.930,18.110,385849.000,,raw
2023-01-12,17.910,18.070,16.890,16.970,559137.000,,raw
2023-01-13,17.250,18.050,16.870,17.450,504746.000,,raw
2023-01-16,17.010,17.430,16.450,16.480,535636.000,,raw
2023-01-17,16.580,16.730,15.360,15.440,559496.000,,raw
2023-01-18,15.380,15.670,15.180,15.280,381939.000,,raw
2023-01-19,15.280,15.320,14.810,14.820,358020.000,,raw
2023-01-20,15.000,15.350,14.900,15.070,291243.000,,raw
2023-01-30,14.790,15.200,14.270,14.380,500345.000,,raw
2023-01-31,14.390,14.460,14.040,14.110,291616.000,,raw
2023-02-01,14.140,14.230,13.790,14.180,404864.000,,raw
2023-02-02,14.030,14.180,13.970,14.030,284247.000,,raw
2023-02-03,14.090,14.240,13.610,13.770,379011.000,,raw
2023-02-06,13.680,13.840,13.230,13.310,376471.000,,raw
2023-02-07,13.330,13.560,13.230,13.390,283373.000,,raw
2023-02-08,13.400,13.470,13.160,13.180,253334.000,,raw
2023-02-09,13.230,13.240,12.990,13.090,251075.000,,raw
2023-02-10,13.070,13.130,12.750,12.810,314614.000,,raw
2023-02-13,12.800,13.060,12.720,13.020,348899.000,,raw
2023-02-14,12.890,13.120,12.600,12.940,409150.000,,raw
2023-02-15,12.910,13.160,12.740,12.960,427965.000,,raw
2023-02-16,12.880,13.590,12.880,13.360,838800.000,,raw
2023-02-17,13.210,14.520,12.900,14.210,1057461.000,,raw
2023-02-20,14.010,14.410,13.620,14.090,691007.000,,raw
2023-02-21,13.990,14.090,13.640,13.710,444133.000,,raw
2023-02-22,13.750,14.100,13.680,13.780,376476.000,,raw
2023-02-23,13.750,13.750,13.380,13.530,333872.000,,raw
2023-02-24,13.540,13.590,13.290,13.390,222674.000,,raw
2023-02-27,13.400,13.620,12.980,12.980,282407.000,,raw
2023-02-28,13.170,13.810,13.060,13.760,525211.000,,raw
2023-03-01,13.760,13.810,13.400,13.500,345484.000,,raw
2023-03-02,13.500,13.550,13.150,13.170,260612.000,,raw
2023-03-03,13.120,13.310,12.910,13.010,207617.000,,raw
2023-03-06,13.030,13.080,12.820,12.870,178758.000,,raw
2023-03-07,12.860,12.940,12.330,12.340,287652.000,,raw
2023-03-08,12.280,12.670,12.220,12.550,179046.000,,raw
2023-03-09,12.600,12.770,12.490,12.500,147313.000,,raw
2023-03-10,12.420,12.430,12.240,12.310,157314.000,,raw
2023-03-13,12.140,12.260,11.910,12.200,231511.000,,raw
2023-03-14,12.200,12.320,11.650,11.830,237821.000,,raw
2023-03-15,11.850,12.410,11.840,12.100,304992.000,,raw
2023-03-16,12.030,12.140,11.830,11.840,182421.000,,raw
2023-03-17,11.900,12.000,11.640,11.650,191532.000,,raw
2023-03-20,11.520,11.640,11.350,11.390,218979.000,,raw
2023-03-21,11.410,11.740,11.410,11.680,177642.000,,raw
2023-03-22,11.640,11.850,11.520,11.580,165401.000,,raw
2023-03-23,11.560,11.690,11.420,11.460,159498.000,,raw
2023-03-24,11.470,11.650,11.320,11.370,171834.000,,raw
2023-03-27,11.330,11.550,11.220,11.430,173986.000,,raw
2023-03-28,11.400,11.400,11.120,11.150,184543.000,,raw
2023-03-29,11.120,11.150,10.860,10.910,230514.000,,raw
2023-03-30,10.930,10.990,10.750,10.820,146993.000,,raw
2023-03-31,10.880,11.230,10.840,11.080,197665.000,,raw
2023-04-03,11.080,11.190,10.910,11.120,198199.000,,raw
2023-04-04,11.220,11.350,10.860,10.910,271941.000,,raw
2023-04-06,10.880,11.360,10.810,11.100,322241.000,,raw
2023-04-07,11.050,11.380,10.960,11.290,260737.000,,raw
2023-04-10,11.280,11.360,10.920,10.960,217413.000,,raw
2023-04-11,11.030,11.070,10.830,10.960,163536.000,,raw
2023-04-12,10.960,11.160,10.790,10.860,184042.000,,raw
2023-04-13,10.800,11.010,10.600,10.920,200555.000,,raw
2023-04-14,10.990,11.340,10.870,10.870,293114.000,,raw
2023-04-17,10.800,10.860,10.550,10.600,238441.000,,raw
2023-04-18,10.620,10.640,10.400,10.470,204071.000,,raw
2023-04-19,10.480,10.500,10.200,10.240,188352.000,,raw
2023-04-20,10.190,10.200,9.980,10.010,180922.000,,raw
2023-04-21,9.980,10.870,9.980,10.300,514871.000,,raw
2023-04-24,10.490,11.840,10.470,11.620,984747.000,,raw
2023-04-25,11.200,11.270,10.360,10.470,654305.000,,raw
2023-04-26,10.460,11.120,10.400,10.720,511054.000,,raw
2023-04-27,10.740,11.680,10.680,11.450,824931.000,,raw
2023-04-28,11.240,11.580,11.090,11.510,624016.000,,raw
2023-05-04,11.450,11.510,11.100,11.250,408676.000,,raw
2023-05-05,11.240,11.500,10.690,10.820,440401.000,,raw
2023-05-08,10.720,10.760,10.190,10.420,354151.000,,raw
2023-05-09,10.450,10.460,9.980,10.050,337725.000,,raw
2023-05-10,10.010,10.100,9.690,10.010,317177.000,,raw
2023-05-11,10.010,10.160,9.800,9.820,249402.000,,raw
2023-05-12,9.780,10.350,9.710,10.160,384277.000,,raw
2023-05-15,10.200,10.250,9.700,9.870,304014.000,,raw
2023-05-16,9.920,11.350,9.840,11.180,732032.000,,raw
2023-05-17,10.910,11.260,10.810,11.090,543461.000,,raw
2023-05-18,11.000,11.200,10.810,10.920,357111.000,,raw
2023-05-19,11.310,11.500,10.970,10.970,561318.000,,raw
2023-05-22,10.600,10.980,10.580,10.730,335247.000,,raw
2023-05-23,10.890,12.880,10.880,12.880,1570304.000,,raw
2023-05-24,12.800,12.990,12.300,12.530,1181872.000,,raw
2023-05-25,12.380,13.440,12.380,12.760,1013857.000,,raw
2023-05-26,12.460,13.220,12.220,12.790,820347.000,,raw
2023-05-29,12.540,12.650,12.100,12.300,642976.000,,raw
2023-05-30,12.350,12.460,11.900,12.060,490821.000,,raw
2023-05-31,12.180,12.450,11.850,11.920,515423.000,,raw
2023-06-01,11.860,11.920,11.500,11.780,388909.000,,raw
2023-06-02,11.800,12.230,11.720,11.930,466364.000,,raw
2023-06-05,12.330,12.490,11.670,12.060,459027.000,,raw
2023-06-06,11.950,13.100,11.710,12.570,874274.000,,raw
2023-06-07,12.580,12.750,12.280,12.460,551342.000,,raw
2023-06-08,12.350,12.500,11.790,11.800,434295.000,,raw
2023-06-09,11.600,11.870,11.440,11.740,298455.000,,raw
2023-06-12,11.790,11.920,11.210,11.230,320153.000,,raw
2023-06-13,11.160,11.340,11.090,11.270,262570.000,,raw
2023-06-14,11.400,11.970,11.260,11.700,477607.000,,raw
2023-06-15,12.300,12.500,11.540,11.550,459640.000,,raw
2023-06-16,11.590,11.800,11.460,11.620,311012.000,,raw
2023-06-19,11.590,11.740,11.310,11.320,321837.000,,raw
2023-06-20,11.270,11.490,11.200,11.230,256694.000,,raw
2023-06-21,11.150,11.150,10.450,10.450,391072.000,,raw
2023-06-26,10.330,10.450,10.190,10.300,181274.000,,raw
2023-06-27,10.260,10.670,10.260,10.520,183014.000,,raw
2023-06-28,10.450,10.490,10.160,10.280,181131.000,,raw
2023-06-29,10.260,10.340,10.090,10.090,193826.000,,raw
2023-06-30,9.960,10.270,9.910,10.180,158894.000,,raw
2023-07-03,9.900,10.260,9.850,10.220,218674.000,,raw
2023-07-04,10.220,10.690,10.070,10.490,307297.000,,raw
2023-07-05,10.510,10.770,10.340,10.610,335838.000,,raw
2023-07-06,10.700,10.780,10.300,10.320,220000.000,,raw
2023-07-07,10.220,10.490,10.210,10.330,145362.000,,raw
2023-07-10,10.350,10.580,10.350,10.420,150472.000,,raw
2023-07-11,10.450,10.500,10.240,10.330,125272.000,,raw
2023-07-12,10.360,10.400,10.050,10.080,190409.000,,raw
2023-07-13,10.100,10.240,10.100,10.190,123118.000,,raw
2023-07-14,10.180,10.280,10.060,10.160,125572.000,,raw
2023-07-17,10.200,10.200,9.980,10.190,106580.000,,raw
2023-07-18,10.210,10.220,9.980,10.000,130723.000,,raw
2023-07-19,10.000,10.180,9.920,10.050,107669.000,,raw
2023-07-20,10.090,10.160,9.920,9.930,103956.000,,raw
2023-07-21,9.980,10.380,9.910,10.210,211515.000,,raw
2023-07-24,10.210,10.510,10.120,10.270,202336.000,,raw
2023-07-25,10.250,10.410,10.200,10.370,199682.000,,raw
2023-07-26,10.370,10.560,10.220,10.290,223210.000,,raw
2023-07-27,10.220,10.320,10.110,10.150,138645.000,,raw
2023-07-28,10.100,10.270,10.080,10.220,126283.000,,raw
2023-07-31,10.270,10.350,10.180,10.240,137682.000,,raw
2023-08-01,10.200,10.270,10.060,10.110,138435.000,,raw
2023-08-02,10.150,10.170,9.950,9.970,137355.000,,raw
2023-08-03,9.970,10.350,9.960,10.260,228780.000,,raw
2023-08-04,10.190,10.350,10.080,10.100,184058.000,,raw
2023-08-07,10.030,10.050,9.820,9.830,203779.000,,raw
2023-08-08,9.890,10.060,9.310,9.910,284276.000,,raw
2023-08-09,10.580,11.500,10.340,11.140,1091201.000,,raw
2023-08-10,10.990,11.300,10.940,11.030,686999.000,,raw
2023-08-11,11.030,11.790,10.980,11.330,952775.000,,raw
2023-08-14,11.210,11.650,11.150,11.330,586537.000,,raw
2023-08-15,10.980,11.210,10.640,11.110,590606.000,,raw
2023-08-16,11.290,11.520,10.700,10.750,619809.000,,raw
2023-08-17,10.560,10.720,10.200,10.300,498264.000,,raw
2023-08-18,10.320,10.390,9.800,9.800,377287.000,,raw
2023-08-21,9.690,9.950,9.550,9.660,268218.000,,raw
2023-08-22,9.690,9.730,9.340,9.550,252287.000,,raw
2023-08-23,9.530,9.640,9.200,9.230,275022.000,,raw
2023-08-24,9.180,9.290,8.960,9.210,247791.000,,raw
2023-08-25,9.100,9.240,8.710,8.770,286965.000,,raw
2023-08-28,9.390,9.400,8.720,8.780,267428.000,,raw
2023-08-29,8.730,9.170,8.660,9.120,246588.000,,raw
2023-08-30,9.100,9.280,9.040,9.190,229276.000,,raw
2023-08-31,9.140,9.410,8.960,9.300,340708.000,,raw
2023-09-01,9.250,9.280,9.080,9.100,169260.000,,raw
2023-09-04,9.120,9.250,9.050,9.240,183376.000,,raw
2023-09-05,9.230,9.260,9.080,9.100,176148.000,,raw
2023-09-06,9.100,9.110,8.990,9.040,139542.000,,raw
2023-09-07,9.020,9.020,8.830,8.860,158934.000,,raw
2023-09-08,8.900,9.060,8.870,8.910,121477.000,,raw
2023-09-11,8.880,9.250,8.860,9.220,289036.000,,raw
2023-09-12,9.540,11.060,9.520,10.470,1083099.000,,raw
2023-09-13,10.150,10.260,9.680,9.820,720479.000,,raw
2023-09-14,9.890,10.660,9.820,10.440,875265.000,,raw
2023-09-15,10.090,10.850,10.060,10.250,773475.000,,raw
2023-09-18,10.250,10.740,10.180,10.600,696187.000,,raw
2023-09-19,10.690,11.500,10.630,11.020,959370.000,,raw
2023-09-20,12.550,13.220,12.080,13.220,1375878.000,,raw
2023-09-21,13.800,14.000,12.610,13.490,2035223.000,,raw
2023-09-22,13.620,14.460,13.050,14.030,1947959.000,,raw
2023-09-25,13.690,15.380,13.690,13.990,2150367.000,,raw
2023-09-26,14.460,15.510,14.050,15.160,1979992.000,,raw
2023-09-27,14.980,15.240,14.310,14.690,1759417.000,,raw
2023-09-28,14.170,14.300,13.200,13.400,1762514.000,,raw
2023-10-09,13.700,14.690,13.500,14.210,1435864.000,,raw
2023-10-10,14.380,15.400,14.170,14.280,1491478.000,,raw
2023-10-11,14.770,15.600,14.260,14.490,1484231.000,,raw
2023-10-12,14.610,17.000,14.610,16.240,1913804.000,,raw
2023-10-13,16.000,17.500,16.000,16.940,2091879.000,,raw
2023-10-16,17.430,18.500,16.400,17.710,1902626.000,,raw
2023-10-17,16.500,16.870,15.970,16.090,1326843.000,,raw
2023-10-18,15.830,16.740,15.830,16.670,1133554.000,,raw
2023-10-19,16.160,16.160,14.320,14.690,1269689.000,,raw
