date,open,high,low,close,volume,amount,price_type
2019-01-02,53.290,53.910,52.540,52.970,278848.000,,raw
2019-01-03,52.230,52.680,50.120,51.070,325560.000,,raw
2019-01-04,50.300,54.480,49.780,54.350,354968.000,,raw
2019-01-07,54.000,54.100,52.900,53.570,240338.000,,raw
2019-01-08,53.350,54.360,53.350,53.980,128292.000,,raw
2019-01-09,54.500,56.220,54.100,55.530,197010.000,,raw
2019-01-10,55.090,57.240,54.720,56.270,163685.000,,raw
2019-01-11,56.200,56.510,55.030,55.950,131164.000,,raw
2019-01-14,55.950,55.950,54.110,54.330,111805.000,,raw
2019-01-15,54.500,56.490,54.330,56.440,161210.000,,raw
2019-01-16,56.430,57.990,55.500,57.470,177373.000,,raw
2019-01-17,57.350,58.440,57.120,57.360,124214.000,,raw
2019-01-18,57.900,59.780,57.520,59.170,178399.000,,raw
2019-01-21,58.960,60.460,58.850,59.070,157929.000,,raw
2019-01-22,59.300,59.300,57.050,57.690,151659.000,,raw
2019-01-23,57.400,58.380,57.230,58.020,90135.000,,raw
2019-01-24,57.900,59.680,57.400,59.380,121942.000,,raw
2019-01-25,59.350,59.780,58.810,58.990,111232.000,,raw
2019-01-28,57.950,57.950,54.500,54.820,415754.000,,raw
2019-01-29,55.010,57.240,54.780,57.180,267403.000,,raw
2019-01-30,57.000,58.480,56.830,57.400,144053.000,,raw
2019-01-31,58.240,59.450,57.590,59.050,185000.000,,raw
2019-02-01,59.940,60.870,58.840,60.820,173804.000,,raw
2019-02-11,60.070,62.160,59.790,61.850,162455.000,,raw
2019-02-12,62.500,64.230,62.000,63.500,213539.000,,raw
2019-02-13,64.000,65.990,64.000,65.590,208882.000,,raw
2019-02-14,65.500,66.150,64.900,65.800,157679.000,,raw
2019-02-15,65.220,65.750,63.910,64.290,137296.000,,raw
2019-02-18,66.300,67.650,66.000,66.830,240945.000,,raw
2019-02-19,66.800,67.470,65.600,65.930,196815.000,,raw
2019-02-20,65.600,65.930,64.080,64.950,176077.000,,raw
2019-02-21,65.060,66.500,65.000,65.440,159134.000,,raw
2019-02-22,65.770,66.300,64.600,66.300,119445.000,,raw
2019-02-25,66.000,68.900,65.800,68.500,356755.000,,raw
2019-02-26,67.690,73.440,67.310,68.000,368608.000,,raw
2019-02-27,67.950,70.280,67.770,68.800,191795.000,,raw
2019-02-28,68.800,72.200,68.520,71.900,282684.000,,raw
2019-03-01,72.800,73.000,70.880,72.000,207387.000,,raw
2019-03-04,72.410,74.000,71.670,72.270,270970.000,,raw
2019-03-05,72.120,72.880,71.600,72.120,159719.000,,raw
2019-03-06,72.200,72.800,70.400,71.250,207512.000,,raw
2019-03-07,71.240,71.240,69.750,70.380,202092.000,,raw
2019-03-08,69.000,71.450,68.650,69.660,201548.000,,raw
2019-03-11,70.010,70.880,69.300,70.300,196450.000,,raw
2019-03-12,71.300,71.540,69.380,69.810,186710.000,,raw
2019-03-13,69.870,70.650,69.400,69.880,166470.000,,raw
2019-03-14,70.180,71.110,69.730,70.060,188755.000,,raw
2019-03-15,70.300,72.810,69.750,71.520,256058.000,,raw
2019-03-18,72.200,75.050,71.140,74.100,291631.000,,raw
2019-03-19,73.950,73.960,71.640,72.100,235289.000,,raw
2019-03-20,71.660,73.000,71.160,72.720,170864.000,,raw
2019-03-21,73.030,73.560,71.880,72.400,125727.000,,raw
2019-03-22,72.900,73.490,72.050,73.130,134844.000,,raw
2019-03-25,72.100,73.100,71.180,71.200,178861.000,,raw
2019-03-26,71.900,72.480,70.860,71.550,129691.000,,raw
2019-03-27,72.140,75.550,72.140,74.360,344629.000,,raw
2019-03-28,61.680,65.450,61.000,64.650,255548.000,"{'nd': '2018', 'fh_sh': '2.2', 'djr': '2019-03-27', 'cqr': '2019-03-28', 'FHcontent': '10派2.2元送2股'}",raw
2019-03-29,63.880,66.010,62.650,65.420,294505.000,,raw
2019-04-01,66.000,67.950,65.460,65.750,264290.000,,raw
2019-04-02,66.000,66.010,64.600,65.280,199156.000,,raw
2019-04-03,65.250,65.930,64.910,65.580,166465.000,,raw
2019-04-04,65.500,66.250,64.900,66.140,178992.000,,raw
2019-04-08,66.500,66.500,63.450,63.980,320093.000,,raw
2019-04-09,63.530,65.100,62.600,64.820,257800.000,,raw
2019-04-10,64.960,67.030,64.010,65.730,326110.000,,raw
2019-04-11,65.730,66.500,63.800,63.980,250216.000,,raw
2019-04-12,64.300,65.120,63.530,64.620,157140.000,,raw
2019-04-15,65.620,65.980,63.130,63.350,197564.000,,raw
2019-04-16,63.340,64.860,63.050,64.860,164085.000,,raw
2019-04-17,65.500,65.500,64.210,64.530,153631.000,,raw
2019-04-18,64.750,64.750,63.770,64.130,101789.000,,raw
2019-04-19,64.000,65.080,63.780,64.450,127295.000,,raw
2019-04-22,64.300,64.400,62.070,62.140,269081.000,,raw
2019-04-23,62.080,63.550,62.010,62.840,190381.000,,raw
2019-04-24,63.260,63.690,62.500,62.850,147052.000,,raw
2019-04-25,63.030,64.870,62.900,63.900,264766.000,,raw
2019-04-26,63.010,63.810,61.600,62.330,203221.000,,raw
2019-04-29,62.480,66.440,62.480,65.320,412739.000,,raw
2019-04-30,65.000,66.300,64.640,65.750,194519.000,,raw
2019-05-06,65.000,65.000,63.020,64.200,348033.000,,raw
2019-05-07,64.800,68.480,64.520,66.140,424232.000,,raw
2019-05-08,64.570,65.600,64.000,64.230,235150.000,,raw
2019-05-09,63.700,64.750,62.000,62.500,211815.000,,raw
2019-05-10,63.380,64.300,61.360,64.120,219774.000,,raw
2019-05-13,63.400,64.760,62.710,64.170,137765.000,,raw
2019-05-14,63.840,65.660,63.000,63.030,234627.000,,raw
2019-05-15,63.530,65.410,63.510,65.410,300369.000,,raw
2019-05-16,64.890,65.180,63.720,64.280,284269.000,,raw
2019-05-17,63.800,63.960,62.600,62.760,295148.000,,raw
2019-05-20,62.700,63.470,59.660,60.250,319055.000,,raw
2019-05-21,60.260,61.550,60.260,60.810,192418.000,,raw
2019-05-22,60.800,61.600,60.100,61.060,157541.000,,raw
2019-05-23,61.000,61.000,59.580,59.610,161124.000,,raw
2019-05-24,59.870,60.700,59.650,60.070,114232.000,,raw
2019-05-27,60.150,61.600,59.000,61.200,178433.000,,raw
2019-05-28,61.200,62.680,61.110,62.520,244889.000,,raw
2019-05-29,62.000,62.570,61.590,61.910,106882.000,,raw
2019-05-30,61.200,61.990,60.820,61.910,111061.000,,raw
2019-05-31,62.900,63.880,62.160,62.160,180457.000,,raw
2019-06-03,62.360,63.500,62.260,63.220,196510.000,,raw
2019-06-04,63.350,63.680,61.500,62.030,162462.000,,raw
2019-06-05,62.000,62.360,58.890,59.000,361236.000,,raw
2019-06-06,59.050,59.390,57.180,57.980,244782.000,,raw
2019-06-10,57.970,59.370,57.380,58.630,164987.000,,raw
2019-06-11,58.990,60.330,58.710,60.120,236636.000,,raw
2019-06-12,59.970,60.830,59.100,60.350,158292.000,,raw
2019-06-13,60.800,61.750,60.000,61.300,152969.000,,raw
2019-06-14,61.400,62.480,61.000,61.280,175688.000,,raw
2019-06-17,61.950,62.480,61.500,61.600,138578.000,,raw
2019-06-18,62.000,62.830,61.860,62.590,140974.000,,raw
2019-06-19,63.680,65.110,63.680,64.380,274499.000,,raw
2019-06-20,64.700,66.000,64.030,65.510,264794.000,,raw
2019-06-21,65.400,66.630,65.340,65.900,192742.000,,raw
2019-06-24,66.410,66.950,65.580,66.060,157763.000,,raw
2019-06-25,66.130,67.160,65.090,66.030,158846.000,,raw
2019-06-26,66.200,66.980,65.700,66.500,130423.000,,raw
2019-06-27,66.340,67.580,66.340,66.900,146115.000,,raw
2019-06-28,66.900,66.900,64.750,66.000,189280.000,,raw
2019-07-01,67.000,68.630,66.980,68.230,222347.000,,raw
2019-07-02,68.000,70.470,67.900,70.210,296291.000,,raw
2019-07-03,70.000,70.000,68.020,68.370,219413.000,,raw
2019-07-04,68.370,68.500,65.700,66.110,265375.000,,raw
2019-07-05,66.350,67.900,66.250,67.400,167373.000,,raw
2019-07-08,66.670,67.780,66.000,66.500,147923.000,,raw
2019-07-09,66.940,67.400,66.270,66.480,101459.000,,raw
2019-07-10,67.060,68.330,66.600,67.410,143314.000,,raw
2019-07-11,67.700,67.950,66.400,66.660,114916.000,,raw
2019-07-12,66.490,67.390,66.100,66.450,113454.000,,raw
2019-07-15,66.890,67.730,65.550,67.380,182260.000,,raw
2019-07-16,67.200,67.500,66.050,66.060,122060.000,,raw
2019-07-17,66.110,66.820,65.280,66.240,94187.000,,raw
2019-07-18,66.100,66.430,65.650,66.020,89084.000,,raw
2019-07-19,66.500,67.020,65.850,66.020,147348.000,,raw
2019-07-22,65.990,67.020,65.350,66.540,120897.000,,raw
2019-07-23,66.540,66.810,65.800,66.050,95375.000,,raw
2019-07-24,66.420,66.920,66.060,66.600,108107.000,,raw
2019-07-25,66.590,66.990,66.400,66.720,93202.000,,raw
2019-07-26,66.450,67.160,66.450,66.820,120438.000,,raw
2019-07-29,66.820,67.450,66.200,66.650,104602.000,,raw
2019-07-30,66.750,67.250,66.630,66.960,100350.000,,raw
2019-07-31,66.400,66.990,65.670,66.940,146493.000,,raw
2019-08-01,66.600,67.340,66.480,66.730,104499.000,,raw
2019-08-02,65.730,66.530,65.190,66.040,137849.000,,raw
2019-08-05,65.700,65.990,63.910,64.100,196056.000,,raw
2019-08-06,63.000,65.420,61.850,64.740,183629.000,,raw
2019-08-07,65.000,65.980,64.700,65.500,138901.000,,raw
2019-08-08,65.880,66.800,65.880,66.660,121912.000,,raw
2019-08-09,67.080,67.810,66.690,66.880,164169.000,,raw
2019-08-12,66.730,67.320,66.650,67.250,112063.000,,raw
2019-08-13,67.250,67.640,66.900,67.060,117636.000,,raw
2019-08-14,67.590,69.400,67.590,68.690,242887.000,,raw
2019-08-15,68.050,69.300,68.000,69.000,215331.000,,raw
2019-08-16,69.000,69.700,68.330,69.120,169987.000,,raw
2019-08-19,69.510,72.150,69.300,71.940,247327.000,,raw
2019-08-20,71.950,72.450,71.100,71.960,129141.000,,raw
2019-08-21,72.200,72.300,70.960,71.710,109978.000,,raw
2019-08-22,72.990,72.990,71.200,71.730,125230.000,,raw
2019-08-23,72.500,77.800,72.300,76.600,352863.000,,raw
2019-08-26,76.060,76.610,75.170,75.550,255952.000,,raw
2019-08-27,76.100,77.780,75.600,75.800,294953.000,,raw
2019-08-28,76.050,77.830,75.510,77.120,219129.000,,raw
2019-08-29,76.030,78.100,75.700,76.940,187372.000,,raw
2019-08-30,77.880,80.560,77.500,80.050,287797.000,,raw
2019-09-02,80.490,80.680,78.830,79.610,220966.000,,raw
2019-09-03,79.730,79.860,78.000,78.500,235753.000,,raw
2019-09-04,78.780,79.490,77.310,78.280,181167.000,,raw
2019-09-05,78.790,78.960,78.000,78.480,177268.000,,raw
2019-09-06,79.140,80.180,77.800,80.110,202205.000,,raw
2019-09-09,80.230,80.230,78.330,79.250,180285.000,,raw
2019-09-10,79.560,81.250,79.150,80.570,195322.000,,raw
2019-09-11,80.350,80.350,77.300,78.090,237228.000,,raw
2019-09-12,78.480,78.950,77.580,78.600,123693.000,,raw
2019-09-16,79.400,80.470,78.500,79.760,148501.000,,raw
2019-09-17,79.600,80.380,78.820,79.030,113183.000,,raw
2019-09-18,79.000,80.100,78.680,79.810,158199.000,,raw
2019-09-19,80.160,81.370,79.470,80.140,170379.000,,raw
2019-09-20,80.140,83.440,80.000,81.500,261808.000,,raw
2019-09-23,82.040,82.040,80.580,81.100,167257.000,,raw
2019-09-24,81.000,83.380,80.750,82.500,217481.000,,raw
2019-09-25,82.140,83.780,81.580,82.830,169407.000,,raw
2019-09-26,83.500,83.830,81.060,81.310,149840.000,,raw
2019-09-27,81.400,82.000,80.660,81.050,125056.000,,raw
2019-09-30,80.800,82.400,80.550,80.680,123381.000,,raw
2019-10-08,80.120,81.650,80.120,80.350,162990.000,,raw
2019-10-09,80.350,80.360,77.570,78.690,223927.000,,raw
2019-10-10,78.780,83.370,78.700,83.000,263569.000,,raw
2019-10-11,83.900,84.300,82.620,83.390,151871.000,,raw
2019-10-14,83.820,84.900,82.680,83.560,193422.000,,raw
2019-10-15,84.170,85.950,83.740,85.250,154965.000,,raw
2019-10-16,85.600,86.340,84.250,85.970,143535.000,,raw
2019-10-17,86.240,86.860,84.600,85.800,126525.000,,raw
2019-10-18,85.800,85.880,83.660,84.270,156062.000,,raw
2019-10-21,84.260,84.700,81.800,82.610,199148.000,,raw
2019-10-22,83.400,83.820,82.530,83.690,101579.000,,raw
2019-10-23,83.500,84.420,82.560,82.780,114957.000,,raw
2019-10-24,83.200,83.480,81.650,82.710,121178.000,,raw
2019-10-25,85.100,87.570,85.070,87.540,419354.000,,raw
2019-10-28,87.370,91.150,87.210,91.080,251886.000,,raw
2019-10-29,90.790,91.560,90.190,90.760,139972.000,,raw
2019-10-30,91.730,91.750,89.550,90.180,143744.000,,raw
2019-10-31,91.000,92.660,89.880,90.880,169234.000,,raw
2019-11-01,90.720,92.500,90.450,92.500,175347.000,,raw
2019-11-04,92.500,93.000,91.550,92.200,171634.000,,raw
2019-11-05,92.000,92.160,90.480,91.300,176470.000,,raw
2019-11-06,91.350,91.900,90.500,91.190,127383.000,,raw
2019-11-07,91.490,91.870,90.410,90.580,151496.000,,raw
2019-11-08,91.500,92.920,90.880,91.300,162781.000,,raw
2019-11-11,90.810,90.810,88.000,88.880,261003.000,,raw
2019-11-12,89.450,89.910,88.090,89.670,159165.000,,raw
2019-11-13,89.580,92.000,88.360,91.390,209854.000,,raw
2019-11-14,92.000,94.990,92.000,94.330,251296.000,,raw
2019-11-15,94.100,94.650,92.690,92.700,142107.000,,raw
2019-11-18,93.700,93.850,92.300,92.900,108510.000,,raw
2019-11-19,92.900,95.630,92.700,95.630,200283.000,,raw
2019-11-20,95.020,96.470,94.510,95.000,152919.000,,raw
2019-11-21,95.000,95.000,91.800,92.600,239382.000,,raw
2019-11-22,93.000,93.650,88.030,88.980,332720.000,,raw
2019-11-25,89.000,89.490,86.580,88.120,226209.000,,raw
2019-11-26,88.880,90.100,88.180,88.900,204799.000,,raw
2019-11-27,88.910,90.250,88.180,89.650,121332.000,,raw
2019-11-28,89.660,90.140,88.790,89.680,94543.000,,raw
2019-11-29,89.000,89.000,83.720,85.900,438806.000,,raw
2019-12-02,83.080,85.490,83.040,83.730,269762.000,,raw
2019-12-03,83.480,84.780,81.490,84.550,295124.000,,raw
2019-12-04,84.500,86.240,83.770,85.650,205708.000,,raw
2019-12-05,85.990,87.280,85.730,85.910,166422.000,,raw
2019-12-06,86.420,87.130,85.650,87.100,129563.000,,raw
2019-12-09,87.400,87.400,82.980,83.620,338597.000,,raw
2019-12-10,83.000,84.600,82.880,84.500,191100.000,,raw
2019-12-11,85.280,85.400,84.110,85.000,125158.000,,raw
2019-12-12,85.840,85.840,84.300,85.100,126099.000,,raw
2019-12-13,85.590,87.000,85.110,86.850,211275.000,,raw
2019-12-16,86.720,86.790,84.700,85.250,239490.000,,raw
2019-12-17,85.220,86.550,84.060,86.040,218063.000,,raw
2019-12-18,86.000,86.000,84.330,84.750,232334.000,,raw
2019-12-19,85.160,85.160,84.200,84.860,128419.000,,raw
2019-12-20,85.200,85.250,84.300,84.900,115342.000,,raw
2019-12-23,84.910,85.920,84.450,85.230,174041.000,,raw
2019-12-24,84.890,85.430,84.470,84.500,98282.000,,raw
2019-12-25,84.100,84.160,82.000,83.380,170645.000,,raw
2019-12-26,83.500,84.720,83.400,84.380,93423.000,,raw
2019-12-27,84.000,85.080,83.990,84.380,142714.000,,raw
2019-12-30,84.300,85.580,83.240,85.500,180846.000,,raw
2019-12-31,85.270,88.180,85.270,87.520,220793.000,,raw
2020-01-02,88.000,88.100,86.850,87.680,210809.000,,raw
2020-01-03,88.020,88.200,85.700,85.950,218177.000,,raw
2020-01-06,85.550,85.710,83.550,84.090,297348.000,,raw
2020-01-07,84.100,85.430,83.680,84.870,189409.000,,raw
2020-01-08,84.030,84.840,84.000,84.680,123041.000,,raw
2020-01-09,85.000,87.200,84.970,86.880,260171.000,,raw
2020-01-10,87.400,88.500,87.100,87.500,232566.000,,raw
2020-01-13,88.380,88.480,86.500,87.840,215037.000,,raw
2020-01-14,87.800,87.800,86.080,86.510,214681.000,,raw
2020-01-15,86.650,87.950,86.060,86.930,164960.000,,raw
2020-01-16,87.640,87.750,85.600,86.440,207123.000,,raw
2020-01-17,86.500,90.680,86.500,90.660,526241.000,,raw
2020-01-20,92.780,93.480,89.080,90.100,293527.000,,raw
2020-01-21,90.100,91.990,89.860,90.370,199509.000,,raw
2020-01-22,90.350,91.180,89.510,90.330,162262.000,,raw
2020-01-23,90.020,90.600,87.200,87.990,237015.000,,raw
2020-02-03,80.580,86.880,80.400,85.460,410420.000,,raw
2020-02-04,85.440,88.080,83.460,86.750,324330.000,,raw
2020-02-05,87.000,88.970,86.290,88.910,296758.000,,raw
2020-02-06,89.450,91.400,88.290,90.090,308324.000,,raw
2020-02-07,90.500,90.600,87.840,89.650,224676.000,,raw
2020-02-10,88.700,88.900,87.300,88.500,165484.000,,raw
2020-02-11,89.000,90.890,88.510,90.150,229187.000,,raw
2020-02-12,90.510,92.960,90.300,92.960,249630.000,,raw
2020-02-13,93.210,93.640,91.260,91.450,185216.000,,raw
2020-02-14,91.650,92.450,91.010,91.550,150103.000,,raw
2020-02-17,91.550,92.790,91.050,92.380,162569.000,,raw
2020-02-18,92.390,93.550,90.240,90.600,227545.000,,raw
2020-02-19,90.390,90.900,89.390,89.680,168513.000,,raw
2020-02-20,90.180,91.080,89.250,90.800,160275.000,,raw
2020-02-21,90.310,90.700,89.880,90.200,193347.000,,raw
2020-02-24,89.970,90.050,87.550,88.380,279507.000,,raw
2020-02-25,87.370,89.990,87.200,88.310,231843.000,,raw
2020-02-26,87.900,87.990,86.500,86.680,229985.000,,raw
2020-02-27,87.000,88.000,86.300,87.210,190021.000,,raw
2020-02-28,86.000,86.580,83.660,84.090,269596.000,,raw
2020-03-02,85.050,86.410,83.120,85.200,269891.000,,raw
2020-03-03,86.260,89.250,86.260,88.340,292429.000,,raw
2020-03-04,88.000,88.110,86.400,87.800,150531.000,,raw
2020-03-05,89.610,92.500,89.010,91.700,441925.000,,raw
2020-03-06,92.000,93.800,91.700,92.250,312582.000,,raw
2020-03-09,90.050,91.300,88.790,88.890,328201.000,,raw
2020-03-10,89.250,91.600,88.150,90.600,262844.000,,raw
2020-03-11,91.790,91.790,88.810,89.030,160102.000,,raw
2020-03-12,87.510,89.000,86.000,86.380,250775.000,,raw
2020-03-13,82.200,86.000,82.000,84.700,349671.000,,raw
2020-03-16,85.000,85.700,81.550,82.050,289941.000,,raw
2020-03-17,82.050,83.960,79.080,81.090,272935.000,,raw
2020-03-18,81.200,84.260,80.290,80.600,283897.000,,raw
2020-03-19,80.500,81.800,77.180,79.000,322311.000,,raw
2020-03-20,79.980,80.990,78.660,80.160,248832.000,,raw
2020-03-23,80.000,83.490,79.310,82.300,415208.000,,raw
2020-03-24,83.040,86.000,82.880,85.660,319005.000,,raw
2020-03-25,88.150,89.980,86.610,88.970,318446.000,,raw
2020-03-26,88.900,91.500,88.150,90.280,317704.000,,raw
2020-03-27,91.050,93.250,90.080,90.890,284699.000,,raw
2020-03-30,90.000,92.450,88.680,90.700,256846.000,,raw
2020-03-31,91.170,92.180,90.000,92.030,263045.000,,raw
2020-04-01,91.380,91.490,89.200,90.000,193045.000,,raw
2020-04-02,90.050,91.990,89.620,91.850,181389.000,,raw
2020-04-03,91.800,95.000,91.530,93.730,292103.000,,raw
2020-04-07,94.500,95.980,93.580,95.500,237684.000,,raw
2020-04-08,94.900,96.500,94.230,94.780,161199.000,,raw
2020-04-09,94.790,97.800,94.450,96.790,177081.000,,raw
2020-04-10,96.780,99.680,95.900,96.210,171076.000,,raw
2020-04-13,96.980,97.370,95.280,96.670,93329.000,,raw
2020-04-14,97.720,98.540,96.080,98.490,193455.000,,raw
2020-04-15,98.510,99.550,96.880,97.430,144663.000,,raw
2020-04-16,96.170,97.920,95.520,97.410,139843.000,,raw
2020-04-17,97.550,98.200,96.360,96.600,147495.000,,raw
2020-04-20,96.600,97.500,96.010,96.700,128542.000,,raw
2020-04-21,97.000,97.020,94.250,95.300,183203.000,,raw
2020-04-22,95.290,97.500,94.110,97.500,177450.000,,raw
2020-04-23,98.000,98.770,95.000,96.050,193766.000,,raw
2020-04-24,95.980,95.990,94.500,95.280,108507.000,,raw
2020-04-27,95.900,97.300,94.290,96.350,183860.000,,raw
2020-04-28,96.400,97.000,95.050,96.050,221292.000,,raw
2020-04-29,95.560,96.000,91.650,93.390,241030.000,,raw
2020-04-30,93.400,94.600,92.440,93.000,196497.000,,raw
2020-05-06,92.510,96.420,92.100,96.420,260014.000,,raw
2020-05-07,96.550,97.330,95.600,96.600,124586.000,,raw
2020-05-08,96.960,98.690,96.430,97.050,167321.000,,raw
2020-05-11,96.700,96.780,93.390,93.680,329390.000,,raw
2020-05-12,93.680,95.530,93.520,95.440,182856.000,,raw
2020-05-13,95.440,97.000,94.100,95.700,224920.000,,raw
2020-05-14,95.460,98.000,94.700,97.200,222617.000,,raw
2020-05-15,97.800,98.150,94.510,94.830,253661.000,,raw
2020-05-18,94.950,98.200,94.100,97.200,301163.000,,raw
2020-05-19,99.000,99.970,97.310,97.940,185348.000,,raw
2020-05-20,98.520,99.970,97.150,97.900,193246.000,,raw
2020-05-21,98.300,101.000,98.030,99.740,270699.000,,raw
2020-05-22,99.770,99.880,95.380,95.880,284478.000,,raw
2020-05-25,80.600,81.730,80.050,80.950,199368.000,"{'nd': '2019', 'fh_sh': '2.3', 'djr': '2020-05-22', 'cqr': '2020-05-25', 'FHcontent': '10派2.3元送2股'}",raw
2020-05-26,80.650,81.900,80.260,81.500,211371.000,,raw
2020-05-27,81.130,81.130,78.410,79.870,311442.000,,raw
2020-05-28,79.710,79.930,77.330,78.500,231917.000,,raw
2020-05-29,78.100,79.350,77.800,78.700,173190.000,,raw
2020-06-01,79.800,80.800,79.590,80.220,261484.000,,raw
2020-06-02,80.270,80.600,79.530,80.400,176093.000,,raw
2020-06-03,80.660,80.790,79.900,80.170,209538.000,,raw
2020-06-04,80.580,81.260,79.910,81.200,209798.000,,raw
2020-06-05,81.200,82.320,80.420,82.300,185789.000,,raw
2020-06-08,82.520,82.690,79.680,80.300,330383.000,,raw
2020-06-09,80.300,83.000,80.300,82.970,352700.000,,raw
2020-06-10,83.010,85.500,82.540,84.540,319125.000,,raw
2020-06-11,84.350,85.360,83.580,84.460,221179.000,,raw
2020-06-12,83.110,85.850,83.110,85.840,233958.000,,raw
2020-06-15,85.100,86.600,84.080,84.240,254782.000,,raw
2020-06-16,85.100,87.610,84.580,87.140,274286.000,,raw
2020-06-17,87.300,90.050,87.150,89.650,331274.000,,raw
2020-06-18,89.600,89.960,87.580,89.300,214876.000,,raw
2020-06-19,89.500,93.320,89.300,92.980,334485.000,,raw
2020-06-22,92.900,95.410,92.200,93.230,292778.000,,raw
2020-06-23,92.270,94.500,92.000,94.500,254531.000,,raw
2020-06-24,94.000,94.400,92.030,92.950,310913.000,,raw
2020-06-29,92.400,93.440,91.400,92.230,271306.000,,raw
2020-06-30,92.880,93.600,91.750,92.300,257669.000,,raw
2020-07-01,92.400,92.560,89.310,91.050,420680.000,,raw
2020-07-02,90.980,91.750,90.000,91.200,345271.000,,raw
2020-07-03,91.320,92.000,90.500,91.880,299107.000,,raw
2020-07-06,92.000,93.400,91.150,93.130,496528.000,,raw
2020-07-07,93.470,98.220,92.950,97.290,474944.000,,raw
2020-07-08,97.970,99.760,96.060,97.060,358710.000,,raw
2020-07-09,97.100,99.220,96.610,98.510,282675.000,,raw
2020-07-10,98.600,100.410,98.050,99.350,293976.000,,raw
2020-07-13,99.580,100.880,99.050,99.820,323715.000,,raw
2020-07-14,99.800,99.800,97.000,98.430,332263.000,,raw
2020-07-15,99.900,105.000,99.060,102.990,478900.000,,raw
2020-07-16,103.300,104.160,96.260,96.350,475574.000,,raw
2020-07-17,95.910,97.880,95.000,96.330,366632.000,,raw
2020-07-20,96.460,97.580,94.220,96.490,256361.000,,raw
2020-07-21,97.400,99.980,96.480,99.300,324189.000,,raw
2020-07-22,98.990,101.060,97.470,99.370,301276.000,,raw
2020-07-23,98.810,100.880,98.000,99.370,345556.000,,raw
2020-07-24,98.110,98.790,94.000,94.790,444160.000,,raw
2020-07-27,94.780,96.960,94.490,95.390,249829.000,,raw
2020-07-28,95.400,96.210,94.200,94.600,285202.000,,raw
2020-07-29,94.240,96.380,94.000,95.850,266037.000,,raw
2020-07-30,95.860,96.290,94.610,94.970,272996.000,,raw
2020-07-31,94.870,95.480,91.840,94.380,560034.000,,raw
2020-08-03,92.700,93.740,91.500,93.200,639978.000,,raw
2020-08-04,93.500,95.820,93.450,93.980,407385.000,,raw
2020-08-05,93.890,94.110,92.390,92.790,383115.000,,raw
2020-08-06,93.010,93.290,90.510,91.000,477497.000,,raw
2020-08-07,91.300,91.970,89.520,91.200,329883.000,,raw
2020-08-10,91.320,91.590,89.730,90.790,287939.000,,raw
2020-08-11,91.470,93.120,91.200,91.780,350843.000,,raw
2020-08-12,91.780,92.170,89.000,90.010,353339.000,,raw
2020-08-13,90.930,90.930,88.800,88.880,263858.000,,raw
2020-08-14,88.980,89.800,87.970,89.500,242375.000,,raw
2020-08-17,89.980,91.490,89.180,90.900,343677.000,,raw
2020-08-18,91.200,94.660,91.200,93.400,449291.000,,raw
2020-08-19,93.800,94.860,92.520,92.730,327704.000,,raw
2020-08-20,92.730,93.340,91.200,91.700,203114.000,,raw
2020-08-21,93.090,93.650,90.800,91.800,205669.000,,raw
2020-08-24,92.980,93.000,91.650,92.420,177433.000,,raw
2020-08-25,92.990,94.650,92.800,93.990,249792.000,,raw
2020-08-26,94.030,95.940,93.700,94.580,268723.000,,raw
2020-08-27,94.580,94.880,92.590,94.110,213100.000,,raw
2020-08-28,93.300,95.500,92.910,95.390,281548.000,,raw
2020-08-31,95.800,96.550,94.710,94.870,272986.000,,raw
2020-09-01,94.490,95.550,93.340,93.990,209669.000,,raw
2020-09-02,95.000,95.000,92.610,94.700,273407.000,,raw
2020-09-03,94.700,95.880,93.880,95.000,196908.000,,raw
2020-09-04,93.880,94.300,92.370,93.510,254465.000,,raw
2020-09-07,93.000,93.790,91.500,91.600,233966.000,,raw
2020-09-08,91.620,92.890,91.200,92.330,205176.000,,raw
2020-09-09,91.540,92.070,89.500,90.300,210803.000,,raw
2020-09-10,91.500,91.960,90.310,90.740,162648.000,,raw
2020-09-11,89.600,92.260,89.600,91.810,183390.000,,raw
2020-09-14,92.100,92.380,91.320,91.360,154824.000,,raw
2020-09-15,91.300,91.330,90.020,91.100,148881.000,,raw
2020-09-16,91.400,91.900,89.600,89.740,195171.000,,raw
2020-09-17,89.080,89.640,86.000,86.290,423045.000,,raw
2020-09-18,86.400,88.980,86.220,88.980,297717.000,,raw
2020-09-21,88.800,89.460,87.750,88.500,168298.000,,raw
2020-09-22,88.000,90.100,87.990,89.300,204940.000,,raw
2020-09-23,89.450,90.500,88.850,89.840,155195.000,,raw
2020-09-24,89.550,89.550,87.300,87.860,173027.000,,raw
2020-09-25,88.300,88.620,87.350,88.450,141113.000,,raw
2020-09-28,88.490,89.570,88.110,88.580,145685.000,,raw
2020-09-29,89.280,90.400,88.900,89.890,177814.000,,raw
2020-09-30,90.390,91.980,89.500,89.820,234316.000,,raw
2020-10-09,92.000,92.440,90.850,91.950,195761.000,,raw
2020-10-12,92.390,94.300,92.380,94.200,246020.000,,raw
2020-10-13,94.200,94.690,93.110,93.700,186964.000,,raw
2020-10-14,93.490,94.070,92.760,93.000,210900.000,,raw
2020-10-15,93.000,93.650,92.560,93.160,178035.000,,raw
2020-10-16,93.960,94.200,92.120,93.100,176502.000,,raw
2020-10-19,93.680,94.000,91.110,91.520,207159.000,,raw
2020-10-20,91.390,91.520,89.660,91.010,222967.000,,raw
2020-10-21,91.020,91.200,89.010,89.580,288336.000,,raw
2020-10-22,89.540,89.560,88.500,89.560,161529.000,,raw
2020-10-23,89.560,89.860,88.080,88.150,145912.000,,raw
2020-10-26,88.100,89.540,87.600,89.180,125432.000,,raw
2020-10-27,89.160,89.750,88.310,89.230,152410.000,,raw
2020-10-28,89.230,92.000,88.510,91.360,260264.000,,raw
2020-10-29,90.690,92.000,89.800,91.040,238522.000,,raw
2020-10-30,91.160,91.390,88.330,88.840,303491.000,,raw
2020-11-02,88.580,89.500,87.800,89.230,214137.000,,raw
2020-11-03,89.430,90.430,89.010,90.150,196300.000,,raw
2020-11-04,90.190,90.500,89.580,90.170,139726.000,,raw
2020-11-05,91.380,92.200,90.660,91.200,180906.000,,raw
2020-11-06,91.700,91.790,88.000,88.890,319762.000,,raw
2020-11-09,89.080,89.940,88.610,89.370,314853.000,,raw
2020-11-10,89.600,89.840,87.670,87.950,300413.000,,raw
2020-11-11,87.950,87.950,85.900,86.170,351044.000,,raw
2020-11-12,86.500,87.170,86.200,86.550,195162.000,,raw
2020-11-13,86.600,86.740,85.180,85.500,294420.000,,raw
2020-11-16,86.100,86.350,84.940,85.630,203858.000,,raw
2020-11-17,85.640,85.830,84.900,85.530,215696.000,,raw
2020-11-18,85.550,87.280,85.550,86.610,240688.000,,raw
2020-11-19,87.000,87.600,86.500,87.300,180169.000,,raw
2020-11-20,87.300,87.680,86.670,86.910,171634.000,,raw
2020-11-23,86.910,87.000,85.000,86.120,328838.000,,raw
2020-11-24,86.110,87.210,85.530,87.170,238378.000,,raw
2020-11-25,87.170,87.330,85.900,86.130,200238.000,,raw
2020-11-26,86.790,86.960,85.090,86.000,156072.000,,raw
2020-11-27,85.880,86.990,85.030,86.950,162138.000,,raw
2020-11-30,86.700,87.500,85.990,85.990,241934.000,,raw
2020-12-01,86.290,87.880,86.150,87.610,245353.000,,raw
2020-12-02,87.810,87.880,86.970,87.530,159663.000,,raw
2020-12-03,87.800,90.100,87.620,89.990,321789.000,,raw
2020-12-04,89.890,91.500,89.500,91.320,301797.000,,raw
2020-12-07,91.780,91.780,89.310,89.880,239912.000,,raw
2020-12-08,90.760,90.790,89.700,90.070,145613.000,,raw
2020-12-09,90.660,90.660,88.130,88.240,223855.000,,raw
2020-12-10,88.000,89.700,87.580,89.000,172351.000,,raw
2020-12-11,89.600,90.830,88.600,89.500,259012.000,,raw
2020-12-14,89.020,90.390,88.030,90.110,178858.000,,raw
2020-12-15,90.120,97.290,90.120,97.020,771545.000,,raw
2020-12-16,97.080,97.880,95.580,97.010,410625.000,,raw
2020-12-17,102.000,106.710,101.010,105.180,903875.000,,raw
2020-12-18,105.810,107.450,104.420,105.660,463821.000,,raw
2020-12-21,105.750,108.580,104.880,107.860,369736.000,,raw
2020-12-22,107.800,108.980,106.000,106.200,284836.000,,raw
2020-12-23,107.390,108.150,105.350,106.000,298966.000,,raw
2020-12-24,106.500,111.110,106.110,108.800,283334.000,,raw
2020-12-25,108.820,116.500,108.500,115.010,324330.000,,raw
2020-12-28,116.000,116.450,110.000,111.000,394340.000,,raw
2020-12-29,111.820,112.630,106.050,108.280,377975.000,,raw
2020-12-30,108.980,113.390,108.800,112.700,362171.000,,raw
2020-12-31,112.550,112.660,110.010,111.460,281569.000,,raw
2021-01-04,111.990,113.690,111.000,111.200,363423.000,,raw
2021-01-05,111.200,116.660,111.190,113.230,417628.000,,raw
2021-01-06,113.250,115.870,112.000,113.720,283700.000,,raw
2021-01-07,114.860,115.000,111.800,115.000,329276.000,,raw
2021-01-08,115.120,116.870,112.150,113.220,307676.000,,raw
2021-01-11,112.320,114.150,110.000,111.300,272011.000,,raw
2021-01-12,111.290,114.520,110.000,114.100,286388.000,,raw
2021-01-13,114.010,114.490,111.620,112.570,237719.000,,raw
2021-01-14,112.570,112.930,108.600,110.180,300416.000,,raw
2021-01-15,111.500,111.500,108.010,109.830,247071.000,,raw
2021-01-18,109.030,110.340,107.390,107.830,235132.000,,raw
2021-01-19,108.500,108.500,104.280,104.950,348142.000,,raw
2021-01-20,105.900,107.530,105.000,105.970,305027.000,,raw
2021-01-21,106.000,108.800,105.380,108.150,382935.000,,raw
2021-01-22,107.960,113.000,107.110,112.600,411308.000,,raw
2021-01-25,112.780,113.630,109.500,111.450,387944.000,,raw
2021-01-26,110.550,111.280,106.750,107.000,339761.000,,raw
2021-01-27,107.700,108.180,105.500,106.620,230270.000,,raw
2021-01-28,106.550,107.990,103.380,104.660,282737.000,,raw
2021-01-29,104.250,105.120,101.010,103.760,327276.000,,raw
2021-02-01,102.460,104.090,101.000,102.550,250766.000,,raw
2021-02-02,103.710,107.000,102.050,106.000,311946.000,,raw
2021-02-03,105.940,106.950,104.520,105.000,215736.000,,raw
2021-02-04,104.000,104.400,101.510,102.800,285482.000,,raw
2021-02-05,103.950,108.290,102.500,107.300,380712.000,,raw
2021-02-08,107.310,109.350,105.850,106.280,373468.000,,raw
2021-02-09,107.750,110.820,105.800,109.740,341346.000,,raw
2021-02-10,109.200,110.750,107.120,109.200,343645.000,,raw
2021-02-18,111.400,111.400,104.500,104.900,450416.000,,raw
2021-02-19,104.570,105.780,102.810,105.160,286563.000,,raw
2021-02-22,106.400,106.400,100.000,100.010,456260.000,,raw
2021-02-23,99.340,101.960,99.000,100.700,254889.000,,raw
2021-02-24,100.990,101.000,98.600,99.700,317807.000,,raw
2021-02-25,100.000,102.240,99.150,101.050,316097.000,,raw
2021-02-26,99.010,103.660,99.010,101.800,349964.000,,raw
2021-03-01,102.800,102.800,99.310,100.310,305339.000,,raw
2021-03-02,100.310,100.810,97.500,98.350,304206.000,,raw
2021-03-03,98.500,101.480,97.540,101.350,264632.000,,raw
2021-03-04,100.180,101.350,98.590,100.500,250831.000,,raw
2021-03-05,98.520,101.130,98.490,100.300,228363.000,,raw
2021-03-08,100.710,101.550,91.700,92.120,462043.000,,raw
2021-03-09,92.880,94.690,89.390,91.780,429656.000,,raw
2021-03-10,93.990,94.530,92.540,93.400,242134.000,,raw
2021-03-11,93.990,94.880,92.500,93.480,272516.000,,raw
2021-03-12,94.500,95.300,91.580,92.190,229179.000,,raw
2021-03-15,91.130,92.050,88.570,89.590,301244.000,,raw
2021-03-16,90.500,90.780,88.100,89.190,240420.000,,raw
2021-03-17,89.200,89.760,87.580,88.620,250863.000,,raw
2021-03-18,89.010,90.490,88.300,89.210,311128.000,,raw
2021-03-19,88.000,88.940,87.200,88.050,224501.000,,raw
2021-03-22,88.050,90.290,87.600,88.110,254827.000,,raw
2021-03-23,87.060,88.450,87.010,87.650,243465.000,,raw
2021-03-24,87.650,88.200,85.750,86.520,201135.000,,raw
2021-03-25,85.700,87.870,85.090,87.230,217352.000,,raw
2021-03-26,87.590,92.100,87.390,91.220,378234.000,,raw
2021-03-29,91.300,91.900,90.130,90.530,249642.000,,raw
2021-03-30,90.360,93.680,90.000,93.600,296356.000,,raw
2021-03-31,93.210,93.210,91.010,92.090,188051.000,,raw
2021-04-01,91.600,94.500,91.600,93.850,192760.000,,raw
2021-04-02,94.000,94.840,91.880,92.680,197985.000,,raw
2021-04-06,92.400,92.430,90.660,90.900,169785.000,,raw
2021-04-07,91.200,91.300,89.740,90.680,169071.000,,raw
2021-04-08,90.300,92.850,89.700,92.440,184761.000,,raw
2021-04-09,93.000,93.200,90.500,91.200,179889.000,,raw
2021-04-12,90.850,91.980,88.880,89.530,213444.000,,raw
2021-04-13,89.390,90.300,87.660,88.980,223809.000,,raw
2021-04-14,89.450,89.450,82.220,85.520,922491.000,,raw
2021-04-15,84.520,84.580,82.060,82.180,598684.000,,raw
2021-04-16,82.350,82.350,79.310,80.620,528806.000,,raw
2021-04-19,80.700,82.210,79.500,82.090,529618.000,,raw
2021-04-20,81.890,81.890,79.400,80.310,742405.000,,raw
2021-04-21,80.190,83.360,79.610,83.180,688097.000,,raw
2021-04-22,82.680,82.900,81.800,82.200,368504.000,,raw
2021-04-23,82.900,83.980,82.000,83.000,468638.000,,raw
2021-04-26,83.180,84.570,81.380,81.520,542473.000,,raw
2021-04-27,81.540,83.180,80.850,83.050,336012.000,,raw
2021-04-28,83.100,83.380,81.900,82.860,271647.000,,raw
2021-04-29,82.990,83.100,81.800,82.350,317536.000,,raw
2021-04-30,83.000,85.300,82.410,84.100,513369.000,,raw
2021-05-06,84.100,85.300,82.010,82.120,421448.000,,raw
2021-05-07,82.120,82.350,79.990,79.990,371054.000,,raw
2021-05-10,79.900,80.880,78.010,80.330,253161.000,,raw
2021-05-11,79.500,83.800,79.350,83.710,387987.000,,raw
2021-05-12,83.630,83.940,82.500,83.180,243463.000,,raw
2021-05-13,82.620,82.910,81.130,81.730,247591.000,,raw
2021-05-14,82.310,84.200,81.410,83.830,347378.000,,raw
2021-05-17,84.400,86.650,84.360,85.380,358229.000,,raw
2021-05-18,85.400,86.340,84.540,85.730,191552.000,,raw
2021-05-19,85.700,85.700,84.500,85.050,167147.000,,raw
2021-05-20,85.170,85.340,83.300,83.710,347175.000,,raw
2021-05-21,84.050,85.250,82.000,82.170,366266.000,,raw
2021-05-24,81.910,83.360,80.900,83.360,279435.000,,raw
2021-05-25,83.350,86.660,83.250,86.250,464457.000,,raw
2021-05-26,87.080,87.470,85.630,86.290,417488.000,,raw
2021-05-27,85.960,86.900,85.140,86.310,326368.000,,raw
2021-05-28,86.890,87.320,85.260,85.850,321284.000,,raw
2021-05-31,85.700,86.380,85.010,86.300,259537.000,,raw
2021-06-01,86.390,87.500,85.600,87.470,392538.000,,raw
2021-06-02,87.510,87.750,83.600,84.360,524299.000,,raw
2021-06-03,83.530,83.900,82.560,82.580,414103.000,,raw
2021-06-04,82.070,83.490,81.690,82.650,334781.000,,raw
2021-06-07,82.500,82.530,81.250,82.440,253011.000,,raw
2021-06-08,82.850,84.330,82.610,82.980,297829.000,,raw
2021-06-09,83.090,84.500,83.090,84.150,256591.000,,raw
2021-06-10,71.010,75.460,70.120,73.000,617790.000,"{'nd': '2020', 'fh_sh': '2', 'djr': '2021-06-09', 'cqr': '2021-06-10', 'FHcontent': '10派2元送2股'}",raw
2021-06-11,73.100,73.450,71.100,72.960,448209.000,,raw
2021-06-15,72.960,74.150,71.550,71.880,438438.000,,raw
2021-06-16,71.880,72.400,70.500,70.810,280378.000,,raw
2021-06-17,70.840,71.290,70.160,71.150,233548.000,,raw
2021-06-18,71.500,72.450,70.830,71.440,310607.000,,raw
2021-06-21,71.200,71.200,69.110,69.510,452862.000,,raw
2021-06-22,69.510,70.490,69.000,70.480,436130.000,,raw
2021-06-23,70.570,72.460,70.550,71.150,572156.000,,raw
2021-06-24,69.990,69.990,67.870,68.000,772128.000,,raw
2021-06-25,67.670,68.440,66.980,68.060,537240.000,,raw
2021-06-28,68.060,68.600,67.500,68.600,411068.000,,raw
2021-06-29,68.610,68.820,67.810,68.200,300627.000,,raw
2021-06-30,68.250,68.700,67.900,67.970,266825.000,,raw
2021-07-01,68.000,70.800,67.750,69.690,494102.000,,raw
2021-07-02,69.030,69.290,66.850,66.910,531316.000,,raw
2021-07-05,66.660,66.660,62.320,62.950,795019.000,,raw
2021-07-06,62.600,62.600,60.830,62.060,655918.000,,raw
2021-07-07,62.290,63.490,62.260,62.450,421310.000,,raw
2021-07-08,62.460,62.880,61.170,61.370,376693.000,,raw
2021-07-09,61.020,62.320,60.900,62.100,317140.000,,raw
2021-07-12,63.500,64.500,62.990,63.120,599867.000,,raw
2021-07-13,63.120,63.410,61.760,61.940,381455.000,,raw
2021-07-14,61.700,61.800,60.000,60.110,676799.000,,raw
2021-07-15,59.800,60.290,58.380,60.270,648061.000,,raw
2021-07-16,60.270,60.270,59.000,60.100,450067.000,,raw
2021-07-19,59.840,61.000,59.010,60.960,502333.000,,raw
2021-07-20,60.850,63.180,60.500,63.180,798081.000,,raw
2021-07-21,64.000,64.470,62.660,62.980,554571.000,,raw
2021-07-22,62.960,62.960,61.270,61.280,470006.000,,raw
2021-07-23,61.190,61.850,60.230,61.490,361120.000,,raw
2021-07-26,61.300,61.300,58.590,59.220,464010.000,,raw
2021-07-27,59.210,59.580,54.110,54.500,810946.000,,raw
2021-07-28,53.970,56.270,53.600,55.910,523920.000,,raw
2021-07-29,57.600,57.900,54.670,55.110,530125.000,,raw
2021-07-30,54.580,54.880,53.000,54.380,484236.000,,raw
2021-08-02,53.980,56.250,52.250,55.250,604141.000,,raw
2021-08-03,55.110,57.400,54.600,57.400,549982.000,,raw
2021-08-04,57.600,57.770,55.800,56.330,473268.000,,raw
2021-08-05,56.340,57.480,55.490,55.800,385789.000,,raw
2021-08-06,55.500,55.540,54.280,54.800,347438.000,,raw
2021-08-09,54.500,57.920,54.260,56.920,539000.000,,raw
2021-08-10,57.090,57.800,55.740,57.740,563061.000,,raw
2021-08-11,57.200,58.370,56.770,56.890,394126.000,,raw
2021-08-12,56.530,57.670,55.620,55.800,400836.000,,raw
2021-08-13,55.560,56.650,55.280,56.530,338592.000,,raw
2021-08-16,56.530,57.100,56.050,56.470,250645.000,,raw
2021-08-17,56.200,56.430,54.650,54.750,362979.000,,raw
2021-08-18,54.820,55.210,53.760,54.990,330021.000,,raw
2021-08-19,54.660,55.460,53.780,53.840,332101.000,,raw
2021-08-20,50.000,50.320,48.460,48.460,1406764.000,,raw
2021-08-23,47.550,48.200,45.500,47.180,1342010.000,,raw
2021-08-24,46.910,48.160,46.100,47.200,973951.000,,raw
2021-08-25,47.210,48.110,46.710,47.410,631071.000,,raw
2021-08-26,47.010,47.100,45.250,45.310,804365.000,,raw
2021-08-27,45.500,46.900,45.490,46.050,538304.000,,raw
2021-08-30,45.820,46.280,45.260,45.600,444569.000,,raw
2021-08-31,45.450,46.140,44.330,45.200,495742.000,,raw
2021-09-01,45.400,47.200,44.920,46.590,731271.000,,raw
2021-09-02,46.600,46.600,45.500,45.860,465752.000,,raw
2021-09-03,45.320,46.840,45.050,46.100,462358.000,,raw
2021-09-06,46.190,48.890,46.190,48.100,866636.000,,raw
2021-09-07,48.100,48.330,47.180,48.080,488972.000,,raw
2021-09-08,48.080,48.320,47.600,47.750,331069.000,,raw
2021-09-09,47.720,48.160,47.300,47.440,301660.000,,raw
2021-09-10,47.400,47.950,47.090,47.450,337886.000,,raw
2021-09-13,47.450,47.940,46.500,46.750,405871.000,,raw
2021-09-14,46.770,47.520,46.730,46.800,487355.000,,raw
2021-09-15,46.680,46.710,45.500,45.720,448330.000,,raw
2021-09-16,45.900,46.450,45.380,46.150,558906.000,,raw
2021-09-17,45.830,47.600,45.700,46.950,635328.000,,raw
2021-09-22,46.950,48.150,46.610,47.900,580513.000,,raw
2021-09-23,48.000,48.790,47.280,47.790,586868.000,,raw
2021-09-24,47.700,50.100,47.550,49.800,927197.000,,raw
2021-09-27,49.840,52.160,49.200,50.750,881591.000,,raw
2021-09-28,51.500,51.500,49.330,50.390,542766.000,,raw
2021-09-29,49.900,50.440,48.760,49.920,484391.000,,raw
2021-09-30,49.940,50.630,49.440,50.230,411221.000,,raw
2021-10-08,50.860,54.720,50.080,54.190,1124309.000,,raw
2021-10-11,54.190,55.540,53.010,53.610,739909.000,,raw
2021-10-12,53.750,54.700,53.100,53.800,549721.000,,raw
2021-10-13,53.550,53.550,51.550,52.950,607656.000,,raw
2021-10-14,52.450,52.690,51.060,51.060,561685.000,,raw
2021-10-15,50.400,51.370,49.740,50.050,569812.000,,raw
2021-10-18,49.740,50.000,48.530,49.100,515125.000,,raw
2021-10-19,48.740,50.740,48.660,49.610,521175.000,,raw
2021-10-20,49.000,51.890,47.800,51.580,965917.000,,raw
2021-10-21,50.960,51.320,50.370,50.500,437411.000,,raw
2021-10-22,50.610,51.860,50.410,51.300,461962.000,,raw
2021-10-25,51.000,52.300,50.800,51.210,459922.000,,raw
2021-10-26,51.260,51.390,49.400,49.400,638573.000,,raw
2021-10-27,49.300,49.870,48.680,49.060,341071.000,,raw
2021-10-28,48.560,50.150,48.480,48.760,445554.000,,raw
2021-10-29,48.500,49.880,48.500,49.240,427476.000,,raw
2021-11-01,49.020,50.100,48.550,49.800,487702.000,,raw
2021-11-02,49.510,50.280,48.000,48.500,480225.000,,raw
2021-11-03,48.510,50.180,48.510,49.120,415537.000,,raw
2021-11-04,49.250,51.800,49.000,51.210,823350.000,,raw
2021-11-05,51.250,53.680,51.220,51.810,920662.000,,raw
2021-11-08,52.000,52.230,49.500,49.620,826903.000,,raw
2021-11-09,49.680,50.380,49.500,49.810,373595.000,,raw
2021-11-10,49.810,54.500,49.700,53.730,1371612.000,,raw
2021-11-11,53.500,53.790,52.560,53.000,775870.000,,raw
2021-11-12,53.050,53.450,52.010,52.550,443428.000,,raw
2021-11-15,52.570,53.950,52.390,53.370,590072.000,,raw
2021-11-16,53.400,54.970,53.370,54.350,676750.000,,raw
2021-11-17,54.500,55.150,53.780,53.920,522252.000,,raw
2021-11-18,53.500,53.580,51.600,51.780,696159.000,,raw
2021-11-19,51.320,52.220,51.240,51.990,366586.000,,raw
2021-11-22,52.590,53.170,51.850,52.020,431026.000,,raw
2021-11-23,51.810,52.450,51.610,52.080,298044.000,,raw
2021-11-24,51.950,52.200,51.500,51.880,301306.000,,raw
2021-11-25,51.900,53.100,51.630,52.990,473939.000,,raw
2021-11-26,53.180,53.200,52.250,52.350,421663.000,,raw
2021-11-29,52.380,53.190,50.830,51.090,566364.000,,raw
2021-11-30,50.650,51.100,50.060,50.170,482994.000,,raw
2021-12-01,50.180,50.650,49.710,50.500,320410.000,,raw
2021-12-02,49.930,49.930,49.020,49.060,524007.000,,raw
2021-12-03,49.030,49.420,48.880,49.200,388783.000,,raw
2021-12-06,49.200,49.800,49.190,49.280,362115.000,,raw
2021-12-07,49.680,50.280,49.290,50.180,415265.000,,raw
2021-12-08,50.190,50.380,49.400,50.360,334290.000,,raw
2021-12-09,50.400,51.610,50.010,51.390,576039.000,,raw
2021-12-10,51.010,51.680,50.910,51.260,396118.000,,raw
2021-12-13,51.490,52.000,50.880,51.000,444106.000,,raw
2021-12-14,50.650,51.480,50.620,51.000,309301.000,,raw
2021-12-15,50.670,51.000,49.560,50.000,423673.000,,raw
2021-12-16,49.700,50.300,49.330,50.230,317147.000,,raw
2021-12-17,50.280,50.490,49.780,49.780,264860.000,,raw
2021-12-20,49.450,50.450,49.360,49.880,251471.000,,raw
2021-12-21,49.470,50.180,49.460,50.040,223402.000,,raw
2021-12-22,50.000,50.090,49.560,49.660,251012.000,,raw
2021-12-23,49.710,49.900,49.200,49.410,254866.000,,raw
2021-12-24,49.300,50.330,49.250,50.120,330458.000,,raw
2021-12-27,50.120,50.500,49.900,50.410,268236.000,,raw
2021-12-28,50.410,50.770,49.920,50.170,277510.000,,raw
2021-12-29,50.170,50.170,49.630,49.720,214951.000,,raw
2021-12-30,49.740,50.460,49.430,50.010,285881.000,,raw
2021-12-31,50.200,50.980,49.990,50.710,379036.000,,raw
2022-01-04,50.780,50.960,49.840,50.390,375581.000,,raw
2022-01-05,50.340,51.520,49.890,50.920,466265.000,,raw
2022-01-06,50.930,51.480,50.000,50.110,443946.000,,raw
2022-01-07,50.120,51.480,49.810,50.880,483774.000,,raw
2022-01-10,50.900,51.480,50.200,51.120,393542.000,,raw
2022-01-11,50.610,50.800,50.010,50.180,370172.000,,raw
2022-01-12,50.230,50.400,49.460,49.590,516616.000,,raw
2022-01-13,49.490,49.570,47.010,47.480,910495.000,,raw
2022-01-14,47.000,47.430,46.580,46.650,493168.000,,raw
2022-01-17,46.660,46.880,46.060,46.410,394114.000,,raw
2022-01-18,46.410,46.500,46.000,46.210,354221.000,,raw
2022-01-19,46.100,46.380,45.290,45.730,413248.000,,raw
2022-01-20,45.650,46.100,45.580,45.690,350225.000,,raw
2022-01-21,45.700,45.880,44.500,44.940,446901.000,,raw
2022-01-24,44.500,44.930,43.280,43.290,648814.000,,raw
2022-01-25,43.100,43.780,42.670,42.820,403950.000,,raw
2022-01-26,43.140,43.280,42.040,42.090,379315.000,,raw
2022-01-27,42.090,42.270,41.010,41.090,465658.000,,raw
2022-01-28,41.090,41.550,40.880,40.950,349369.000,,raw
2022-02-07,41.460,41.650,41.030,41.140,313714.000,,raw
2022-02-08,41.140,41.770,40.700,41.720,310682.000,,raw
2022-02-09,41.700,42.140,41.580,42.010,320538.000,,raw
2022-02-10,42.110,42.110,41.340,41.570,256442.000,,raw
2022-02-11,41.350,41.500,40.580,41.260,371662.000,,raw
2022-02-14,41.000,41.220,39.700,39.750,537082.000,,raw
2022-02-15,39.750,41.360,39.600,41.200,645330.000,,raw
2022-02-16,41.000,41.080,40.400,40.570,483055.000,,raw
2022-02-17,40.580,40.870,40.410,40.610,271649.000,,raw
2022-02-18,40.210,41.080,40.040,40.960,321422.000,,raw
2022-02-21,40.800,41.150,40.600,40.930,253580.000,,raw
2022-02-22,40.930,40.930,40.010,40.110,321387.000,,raw
2022-02-23,40.250,40.940,40.180,40.900,336118.000,,raw
2022-02-24,40.670,40.740,39.330,39.680,559658.000,,raw
2022-02-25,39.890,41.180,39.870,40.110,536279.000,,raw
2022-02-28,40.120,40.440,39.800,40.080,319263.000,,raw
2022-03-01,40.080,41.290,40.080,41.060,544670.000,,raw
2022-03-02,40.830,40.830,40.420,40.610,277590.000,,raw
2022-03-03,40.770,40.850,40.100,40.150,285092.000,,raw
2022-03-04,39.800,40.330,39.510,39.780,322607.000,,raw
2022-03-07,39.400,39.500,37.460,37.550,693118.000,,raw
2022-03-08,37.630,37.850,36.510,36.680,475707.000,,raw
2022-03-09,36.800,37.040,34.700,36.040,558800.000,,raw
2022-03-10,36.800,37.100,36.100,36.170,459155.000,,raw
2022-03-11,35.430,37.670,35.230,37.620,709099.000,,raw
2022-03-14,37.780,38.890,37.400,37.400,679361.000,,raw
2022-03-15,36.960,38.000,36.000,36.130,578556.000,,raw
2022-03-16,36.650,37.000,34.800,36.740,680261.000,,raw
2022-03-17,37.100,38.220,36.840,37.420,771905.000,,raw
2022-03-18,37.030,37.600,36.800,37.500,560523.000,,raw
2022-03-21,37.650,37.880,36.800,37.300,507424.000,,raw
2022-03-22,37.300,37.650,36.900,36.940,285882.000,,raw
2022-03-23,37.100,37.830,36.560,37.360,498463.000,,raw
2022-03-24,36.990,37.860,36.630,37.640,575648.000,,raw
2022-03-25,37.430,37.650,36.350,36.370,531614.000,,raw
2022-03-28,35.900,36.160,35.500,35.900,322103.000,,raw
2022-03-29,35.900,36.360,35.660,35.920,273913.000,,raw
2022-03-30,36.170,37.420,35.700,37.420,584919.000,,raw
2022-03-31,37.140,37.410,36.730,36.820,401770.000,,raw
2022-04-01,36.600,37.070,36.070,36.780,374431.000,,raw
2022-04-06,36.780,37.290,36.110,36.250,431287.000,,raw
2022-04-07,36.280,36.490,35.300,35.320,395446.000,,raw
2022-04-08,35.090,35.270,33.720,33.930,723021.000,,raw
2022-04-11,33.610,33.850,32.700,32.800,570157.000,,raw
2022-04-12,32.790,33.800,32.290,33.670,591549.000,,raw
2022-04-13,33.370,34.150,33.220,33.640,368377.000,,raw
2022-04-14,33.610,34.390,33.600,33.820,308845.000,,raw
2022-04-15,33.800,34.450,33.640,34.090,332958.000,,raw
2022-04-18,33.900,33.960,33.340,33.960,223627.000,,raw
2022-04-19,33.820,34.350,32.920,33.110,403558.000,,raw
2022-04-20,33.300,35.170,33.210,34.320,754696.000,,raw
2022-04-21,34.200,34.600,32.920,33.170,471589.000,,raw
2022-04-22,32.960,33.600,31.610,33.000,452914.000,,raw
2022-04-25,30.150,30.790,29.700,29.700,1039617.000,,raw
2022-04-26,29.000,29.030,27.680,27.740,1082858.000,,raw
2022-04-27,27.010,28.160,27.000,28.060,708004.000,,raw
2022-04-28,27.960,28.720,27.800,28.450,572220.000,,raw
2022-04-29,28.440,29.690,28.370,29.480,570479.000,,raw
2022-05-05,29.470,30.070,29.220,29.680,461882.000,,raw
2022-05-06,29.100,29.950,29.010,29.340,307035.000,,raw
2022-05-09,29.420,29.670,29.120,29.300,201674.000,,raw
2022-05-10,28.510,29.600,28.250,29.390,384859.000,,raw
2022-05-11,29.400,30.800,29.400,29.950,573373.000,,raw
2022-05-12,29.760,30.270,29.700,30.030,257546.000,,raw
2022-05-13,30.820,30.900,29.800,29.980,339407.000,,raw
2022-05-16,30.280,30.520,29.370,29.430,340038.000,,raw
2022-05-17,29.600,29.780,29.200,29.460,248481.000,,raw
2022-05-18,29.560,29.700,29.250,29.380,240164.000,,raw
2022-05-19,29.040,29.360,28.880,29.250,237597.000,,raw
2022-05-20,29.550,30.350,29.500,30.240,518717.000,,raw
2022-05-23,30.480,30.550,29.960,30.100,293970.000,,raw
2022-05-24,30.080,30.100,28.520,28.610,585919.000,,raw
2022-05-25,28.700,28.960,28.500,28.930,321550.000,,raw
2022-05-26,28.980,29.460,28.560,29.040,378681.000,,raw
2022-05-27,29.500,30.360,29.360,29.780,761231.000,,raw
2022-05-30,29.830,30.050,29.460,29.710,386844.000,,raw
2022-05-31,29.500,30.400,29.350,30.320,564941.000,,raw
2022-06-01,30.330,30.450,29.810,29.980,365275.000,,raw
2022-06-02,29.920,29.930,29.450,29.840,348859.000,,raw
2022-06-06,29.760,30.670,29.720,30.530,552506.000,,raw
2022-06-07,30.710,31.650,30.460,31.190,762500.000,,raw
2022-06-08,31.260,32.900,31.170,32.090,1184831.000,,raw
2022-06-09,31.900,31.950,30.890,30.950,649194.000,,raw
2022-06-10,30.690,31.680,30.690,31.560,560985.000,,raw
2022-06-13,31.240,31.780,31.040,31.300,445047.000,,raw
2022-06-14,31.050,31.650,30.450,31.620,494083.000,,raw
2022-06-15,31.750,33.150,31.650,32.600,910669.000,,raw
2022-06-16,32.710,33.330,32.510,32.610,665953.000,,raw
2022-06-17,32.360,33.780,32.260,33.370,740718.000,,raw
2022-06-20,33.520,33.960,33.000,33.460,654972.000,,raw
2022-06-21,33.400,33.400,32.650,33.010,531509.000,,raw
2022-06-22,33.100,33.500,32.610,32.640,422606.000,,raw
2022-06-23,32.750,32.950,32.500,32.930,347493.000,,raw
2022-06-24,32.930,33.780,32.930,33.520,561877.000,,raw
2022-06-27,33.750,36.080,33.750,35.560,1114011.000,,raw
2022-06-28,35.550,35.830,34.850,35.660,587816.000,,raw
2022-06-29,35.650,36.780,35.100,35.520,828483.000,,raw
2022-06-30,35.800,37.480,35.750,37.090,861263.000,,raw
2022-07-01,37.090,39.000,36.860,38.940,1000346.000,,raw
2022-07-04,39.000,41.500,37.810,41.170,1416054.000,,raw
2022-07-05,40.590,41.160,39.830,40.510,875507.000,"{'nd': '2021', 'fh_sh': '1.6', 'djr': '2022-07-04', 'cqr': '2022-07-05', 'FHcontent': '10派1.6元'}",raw
2022-07-06,40.610,41.590,39.150,39.420,949991.000,,raw
2022-07-07,39.030,39.400,38.010,38.650,714188.000,,raw
2022-07-08,38.990,39.300,38.300,38.450,469154.000,,raw
2022-07-11,38.460,38.900,37.280,38.070,590258.000,,raw
2022-07-12,38.060,38.160,36.860,36.870,555110.000,,raw
2022-07-13,36.870,37.200,36.580,36.980,378406.000,,raw
2022-07-14,37.200,38.830,37.200,38.530,756206.000,,raw
2022-07-15,38.300,38.790,37.220,37.240,488436.000,,raw
2022-07-18,37.200,38.050,36.620,37.930,385230.000,,raw
2022-07-19,37.870,38.320,37.170,37.640,339889.000,,raw
2022-07-20,37.900,38.460,37.700,38.020,357702.000,,raw
2022-07-21,37.950,38.950,37.680,38.700,441108.000,,raw
2022-07-22,38.700,39.650,38.490,39.000,520039.000,,raw
2022-07-25,39.000,39.380,38.320,38.480,263742.000,,raw
2022-07-26,38.510,39.000,36.000,36.170,997684.000,,raw
2022-07-27,36.000,36.910,35.900,36.230,374379.000,,raw
2022-07-28,36.120,36.490,35.500,36.100,436470.000,,raw
2022-07-29,36.120,36.400,35.180,35.290,377162.000,,raw
2022-08-01,35.280,35.580,34.610,35.180,263278.000,,raw
2022-08-02,35.000,35.000,33.880,34.200,456818.000,,raw
2022-08-03,34.240,35.250,34.240,34.700,367133.000,,raw
2022-08-04,34.990,36.760,34.950,36.710,643002.000,,raw
2022-08-05,36.940,38.090,36.910,38.030,599976.000,,raw
2022-08-08,38.180,38.550,37.510,38.090,348084.000,,raw
2022-08-09,38.000,38.000,37.050,37.330,280720.000,,raw
2022-08-10,37.300,37.550,36.430,36.850,329821.000,,raw
2022-08-11,37.000,37.660,36.620,37.430,329243.000,,raw
2022-08-12,37.410,37.800,37.100,37.440,226887.000,,raw
2022-08-15,37.370,37.650,36.880,36.900,259248.000,,raw
2022-08-16,36.900,37.430,36.360,36.450,265368.000,,raw
2022-08-17,36.300,36.860,36.150,36.630,258070.000,,raw
2022-08-18,36.420,36.600,35.720,36.040,274331.000,,raw
2022-08-19,35.890,36.390,35.800,35.900,232145.000,,raw
2022-08-22,34.510,35.530,33.600,35.040,604420.000,,raw
2022-08-23,35.030,35.630,34.430,34.620,327830.000,,raw
2022-08-24,34.620,35.250,34.460,34.480,279635.000,,raw
2022-08-25,34.540,35.140,33.890,34.990,263564.000,,raw
2022-08-26,35.090,35.330,34.700,34.770,212095.000,,raw
2022-08-29,34.150,34.610,34.050,34.230,176266.000,,raw
2022-08-30,34.260,34.570,33.400,33.670,309316.000,,raw
2022-08-31,33.420,34.990,33.380,34.660,356546.000,,raw
2022-09-01,34.650,34.860,34.090,34.340,242547.000,,raw
2022-09-02,34.490,35.180,33.700,33.900,266194.000,,raw
2022-09-05,33.800,34.100,33.300,33.730,222204.000,,raw
2022-09-06,33.930,34.200,33.620,33.880,180244.000,,raw
2022-09-07,33.600,33.720,33.160,33.430,247838.000,,raw
2022-09-08,33.600,34.400,33.500,33.730,274555.000,,raw
2022-09-09,33.660,34.870,33.660,34.780,414174.000,,raw
2022-09-13,34.800,35.650,34.580,35.520,362340.000,,raw
2022-09-14,35.090,35.820,34.720,35.680,291787.000,,raw
2022-09-15,35.890,35.990,35.400,35.490,275193.000,,raw
2022-09-16,35.500,35.680,34.730,34.830,316296.000,,raw
2022-09-19,34.920,35.320,34.410,34.690,200495.000,,raw
2022-09-20,34.710,34.960,33.950,34.130,202237.000,,raw
2022-09-21,34.130,34.230,33.250,33.430,290762.000,,raw
2022-09-22,33.100,33.570,32.330,32.640,312046.000,,raw
2022-09-23,32.500,33.660,32.360,32.930,341931.000,,raw
2022-09-26,32.930,33.300,31.880,31.900,345768.000,,raw
2022-09-27,32.020,33.700,31.900,33.650,464681.000,,raw
2022-09-28,33.630,33.990,33.210,33.470,297010.000,,raw
2022-09-29,33.890,35.940,33.590,34.970,582714.000,,raw
2022-09-30,34.960,35.590,34.700,35.100,342588.000,,raw
2022-10-10,35.000,35.350,34.230,34.260,312171.000,,raw
2022-10-11,34.550,34.580,33.850,34.100,199416.000,,raw
2022-10-12,34.000,34.120,32.120,33.250,418962.000,,raw
2022-10-13,33.100,34.970,32.950,34.540,397854.000,,raw
2022-10-14,35.000,37.990,34.950,37.990,950157.000,,raw
2022-10-17,38.230,40.400,38.230,39.550,1415941.000,,raw
2022-10-18,39.550,40.150,38.780,39.460,827033.000,,raw
2022-10-19,39.450,39.820,38.500,39.000,550168.000,,raw
2022-10-20,38.560,40.660,38.500,39.180,861646.000,,raw
2022-10-21,38.700,40.180,38.600,39.970,701746.000,,raw
2022-10-24,40.000,40.370,38.780,38.980,676905.000,,raw
2022-10-25,38.660,39.070,37.420,38.120,505045.000,,raw
2022-10-26,38.110,40.300,38.090,39.720,734058.000,,raw
2022-10-27,39.720,40.150,39.200,39.720,507586.000,,raw
2022-10-28,39.600,40.390,38.830,38.950,560422.000,,raw
2022-10-31,38.160,40.500,38.150,40.200,736431.000,,raw
2022-11-01,40.080,41.580,39.530,41.490,834856.000,,raw
2022-11-02,41.200,43.210,40.890,41.980,944808.000,,raw
2022-11-03,41.550,42.560,41.070,42.090,509935.000,,raw
2022-11-04,41.800,42.560,41.650,41.800,533436.000,,raw
2022-11-07,41.750,42.080,41.210,41.990,481563.000,,raw
2022-11-08,41.960,41.960,40.530,40.700,586386.000,,raw
2022-11-09,40.700,41.400,40.430,40.750,331978.000,,raw
2022-11-10,40.500,41.150,40.030,40.190,319877.000,,raw
2022-11-11,41.040,41.460,39.220,39.220,678497.000,,raw
2022-11-14,39.340,41.130,39.270,40.760,568397.000,,raw
2022-11-15,40.770,40.780,39.750,40.240,480043.000,,raw
2022-11-16,40.240,41.580,39.630,40.500,476331.000,,raw
2022-11-17,40.300,41.110,40.000,40.400,277683.000,,raw
2022-11-18,40.490,41.300,40.190,40.270,349113.000,,raw
2022-11-21,39.800,41.080,39.200,40.790,418371.000,,raw
2022-11-22,40.830,41.750,39.770,39.920,408100.000,,raw
2022-11-23,39.690,39.890,39.060,39.500,279883.000,,raw
2022-11-24,39.620,40.110,38.810,39.370,284075.000,,raw
2022-11-25,39.180,39.800,38.800,39.630,248639.000,,raw
2022-11-28,38.900,39.470,38.610,39.180,260135.000,,raw
2022-11-29,39.420,40.220,39.090,40.050,275733.000,,raw
2022-11-30,40.050,40.300,39.600,39.830,293264.000,,raw
2022-12-01,40.220,40.960,39.800,40.470,379558.000,,raw
2022-12-02,40.430,40.910,40.230,40.500,250603.000,,raw
2022-12-05,40.500,40.860,39.600,39.880,453317.000,,raw
2022-12-06,39.700,40.500,39.680,39.880,274308.000,,raw
2022-12-07,39.800,40.880,39.340,40.580,396003.000,,raw
2022-12-08,40.570,40.580,38.860,38.870,612777.000,,raw
2022-12-09,38.940,39.300,38.700,38.820,409827.000,,raw
2022-12-12,38.900,39.550,38.500,38.880,376900.000,,raw
2022-12-13,38.890,39.000,37.860,38.380,384600.000,,raw
2022-12-14,38.380,38.580,37.800,38.440,262941.000,,raw
2022-12-15,38.180,38.800,37.860,37.960,212865.000,,raw
2022-12-16,37.810,38.050,37.710,38.000,249092.000,,raw
2022-12-19,38.080,38.240,37.080,37.190,291345.000,,raw
2022-12-20,37.170,37.480,36.500,36.510,278438.000,,raw
2022-12-21,36.510,36.690,35.930,36.140,251313.000,,raw
2022-12-22,36.450,37.350,36.260,36.630,356206.000,,raw
2022-12-23,36.310,36.930,36.200,36.750,216845.000,,raw
2022-12-26,36.710,38.000,36.680,37.560,316402.000,,raw
2022-12-27,37.880,37.890,36.880,37.070,320140.000,,raw
2022-12-28,36.990,37.850,36.920,37.400,247495.000,,raw
2022-12-29,37.250,38.310,37.050,38.130,357508.000,,raw
2022-12-30,38.170,38.850,38.170,38.530,282411.000,,raw
