trade_date,open,high,low,close,adj_close,volume,amount,price_type
2018-01-02,10.565,10.958,10.438,10.898,10.898,260452.0,,adjusted
2018-01-03,10.811,11.091,10.718,10.798,10.798,200483.0,,adjusted
2018-01-04,10.791,11.071,10.745,10.985,10.985,161061.0,,adjusted
2018-01-05,10.865,10.965,10.685,10.878,10.878,125456.0,,adjusted
2018-01-08,10.831,11.065,10.645,10.978,10.978,147107.0,,adjusted
2018-01-09,10.905,10.925,10.571,10.665,10.665,123432.0,,adjusted
2018-01-10,10.698,10.825,10.438,10.685,10.685,100590.0,,adjusted
2018-01-11,10.605,10.991,10.405,10.971,10.971,156284.0,,adjusted
2018-01-12,10.871,10.951,10.418,10.431,10.431,163003.0,,adjusted
2018-01-15,10.311,10.698,10.098,10.445,10.445,168753.0,,adjusted
2018-01-16,10.345,10.585,10.251,10.571,10.571,100379.0,,adjusted
2018-01-17,10.545,10.685,9.965,9.991,9.991,146947.0,,adjusted
2018-01-18,10.098,10.811,9.931,10.811,10.811,269669.0,,adjusted
2018-01-19,10.665,11.218,10.638,10.851,10.851,258761.0,,adjusted
2018-01-22,10.851,11.118,10.731,11.018,11.018,127056.0,,adjusted
2018-01-23,11.011,11.345,10.885,10.985,10.985,183326.0,,adjusted
2018-01-24,10.951,11.278,10.885,11.085,11.085,131759.0,,adjusted
2018-01-25,10.965,11.411,10.831,10.998,10.998,130408.0,,adjusted
2018-01-26,10.905,11.285,10.905,10.958,10.958,117895.0,,adjusted
2018-01-29,10.931,11.058,10.471,10.578,10.578,158724.0,,adjusted
2018-01-30,10.565,11.891,10.538,11.818,11.818,375720.0,,adjusted
2018-01-31,11.638,11.805,11.298,11.385,11.385,331091.0,,adjusted
2018-02-01,11.665,11.805,11.231,11.398,11.398,225351.0,,adjusted
2018-02-02,11.258,11.765,10.705,11.718,11.718,197540.0,,adjusted
2018-02-05,11.465,12.538,11.431,12.318,12.318,245591.0,,adjusted
2018-02-06,11.925,12.678,11.805,11.825,11.825,266128.0,,adjusted
2018-02-07,12.331,12.438,10.771,11.425,11.425,275276.0,,adjusted
2018-02-08,11.245,11.825,11.218,11.585,11.585,175015.0,,adjusted
2018-02-09,11.005,11.271,10.171,10.171,10.171,254083.0,,adjusted
2018-02-12,10.365,10.678,10.211,10.518,10.518,141799.0,,adjusted
2018-02-13,10.898,11.791,10.838,11.385,11.385,172496.0,,adjusted
2018-02-14,11.418,11.611,11.245,11.471,11.471,129186.0,,adjusted
2018-02-22,11.625,12.878,11.625,12.878,12.878,362093.0,,adjusted
2018-02-23,12.831,13.151,12.665,13.105,13.105,261619.0,,adjusted
2018-02-26,13.065,13.345,12.838,13.178,13.178,271514.0,,adjusted
2018-02-27,13.178,13.551,12.798,13.391,13.391,280707.0,,adjusted
2018-02-28,13.365,13.385,12.971,13.085,13.085,192285.0,,adjusted
2018-03-01,13.031,13.758,12.971,13.151,13.151,278210.0,,adjusted
2018-03-02,13.231,13.985,12.998,13.585,13.585,330655.0,,adjusted
2018-03-05,13.605,14.045,12.638,12.718,12.718,357554.0,,adjusted
2018-03-06,12.871,13.951,12.471,13.931,13.931,340832.0,,adjusted
2018-03-07,13.645,13.865,13.138,13.265,13.265,269218.0,,adjusted
2018-03-08,13.291,13.458,12.951,13.231,13.231,166222.0,,adjusted
2018-03-09,13.231,13.258,12.745,13.105,13.105,193420.0,,adjusted
2018-03-12,13.131,13.565,12.831,13.545,13.545,258548.0,,adjusted
2018-03-13,13.365,13.365,12.765,12.885,12.885,224007.0,,adjusted
2018-03-14,12.851,13.191,12.765,12.885,12.885,153762.0,,adjusted
2018-03-15,12.891,13.331,12.885,13.178,13.178,150691.0,,adjusted
2018-03-16,13.218,13.325,12.498,12.565,12.565,173430.0,,adjusted
2018-03-19,12.538,12.685,12.298,12.498,12.498,133527.0,,adjusted
2018-03-20,12.405,12.651,12.318,12.558,12.558,81738.0,,adjusted
2018-03-21,12.671,13.058,12.498,12.618,12.618,130941.0,,adjusted
2018-03-22,12.745,12.898,12.118,12.198,12.198,103105.0,,adjusted
2018-03-23,11.431,11.665,10.725,10.971,10.971,198166.0,,adjusted
2018-03-26,10.885,11.605,10.831,11.605,11.605,110555.0,,adjusted
2018-03-27,11.845,12.051,11.611,11.798,11.798,112004.0,,adjusted
2018-03-28,11.571,11.731,11.165,11.418,11.418,120611.0,,adjusted
2018-03-29,11.465,11.831,11.271,11.711,11.711,138374.0,,adjusted
2018-03-30,12.018,12.018,11.538,11.651,11.651,170988.0,,adjusted
2018-04-02,11.565,12.058,11.551,11.711,11.711,147740.0,,adjusted
2018-04-03,11.418,11.518,11.118,11.425,11.425,125401.0,,adjusted
2018-04-04,11.425,11.591,11.225,11.271,11.271,130774.0,,adjusted
2018-04-09,11.291,11.365,10.905,11.038,11.038,101771.0,,adjusted
2018-04-10,11.151,11.571,11.151,11.571,11.571,151906.0,,adjusted
2018-04-11,11.851,12.058,11.598,11.671,11.671,184361.0,,adjusted
2018-04-12,11.658,11.738,11.485,11.611,11.611,82064.0,,adjusted
2018-04-13,11.665,11.751,11.491,11.531,11.531,64752.0,,adjusted
2018-04-16,11.471,11.525,10.938,11.131,11.131,103788.0,,adjusted
2018-04-17,11.158,11.291,10.731,10.758,10.758,93167.0,,adjusted
2018-04-18,10.905,11.211,10.698,11.091,11.091,96945.0,,adjusted
2018-04-19,11.031,11.271,11.005,11.245,11.245,94270.0,,adjusted
2018-04-20,11.151,11.178,10.531,10.565,10.565,111304.0,,adjusted
2018-04-23,10.558,10.851,10.351,10.738,10.738,85424.0,,adjusted
2018-04-24,10.738,11.351,10.738,11.345,11.345,113898.0,,adjusted
2018-04-25,11.178,11.505,11.105,11.445,11.445,92770.0,,adjusted
2018-04-26,11.651,11.651,11.238,11.305,11.305,93091.0,,adjusted
2018-04-27,11.411,11.485,10.745,11.098,11.098,125678.0,,adjusted
2018-05-02,11.071,11.325,10.865,11.318,11.318,89465.0,,adjusted
2018-05-03,11.291,11.658,11.145,11.571,11.571,126285.0,,adjusted
2018-05-04,11.571,11.711,11.465,11.545,11.545,88844.0,,adjusted
2018-05-07,11.638,12.111,11.551,11.958,11.958,153344.0,,adjusted
2018-05-08,11.585,11.711,11.391,11.638,11.638,203889.0,,adjusted
2018-05-09,11.631,12.098,11.558,12.098,12.098,174479.0,,adjusted
2018-05-10,12.198,12.485,12.105,12.311,12.311,180701.0,,adjusted
2018-05-11,12.298,12.471,12.131,12.378,12.378,119018.0,,adjusted
2018-05-14,12.551,12.725,12.111,12.171,12.171,145815.0,,adjusted
2018-05-15,12.138,12.431,12.045,12.425,12.425,122083.0,,adjusted
2018-05-16,12.425,12.585,12.205,12.271,12.271,118206.0,,adjusted
2018-05-17,12.245,12.891,12.131,12.638,12.638,194643.0,,adjusted
2018-05-18,12.578,12.938,12.445,12.605,12.605,139472.0,,adjusted
2018-05-21,12.771,13.271,12.631,13.091,13.091,179877.0,,adjusted
2018-05-22,12.998,13.118,12.865,13.051,13.051,107149.0,,adjusted
2018-05-23,13.125,13.165,12.605,12.605,12.605,157135.0,,adjusted
2018-05-24,12.611,12.871,12.558,12.565,12.565,98676.0,,adjusted
2018-05-25,12.571,12.798,12.218,12.445,12.445,100537.0,,adjusted
2018-05-28,12.565,12.705,12.185,12.258,12.258,117159.0,,adjusted
2018-05-29,12.245,12.491,12.105,12.265,12.265,100104.0,,adjusted
2018-05-30,11.965,11.965,11.291,11.385,11.385,138154.0,,adjusted
2018-05-31,11.571,11.731,11.238,11.685,11.685,93243.0,,adjusted
2018-06-01,11.565,11.671,11.111,11.278,11.278,82276.0,,adjusted
2018-06-04,11.358,11.465,11.191,11.365,11.365,55602.0,,adjusted
2018-06-05,11.365,11.858,11.251,11.785,11.785,89166.0,,adjusted
2018-06-06,11.645,11.778,11.591,11.751,11.751,69958.0,,adjusted
2018-06-07,11.785,12.118,11.698,11.851,11.851,108512.0,,adjusted
2018-06-08,11.798,11.871,11.305,11.391,11.391,95589.0,,adjusted
2018-06-11,11.371,11.538,11.205,11.258,11.258,60912.0,,adjusted
2018-06-12,11.431,11.725,11.245,11.671,11.671,75168.0,,adjusted
2018-06-13,11.645,11.825,11.551,11.605,11.605,57712.0,,adjusted
2018-06-14,11.571,11.738,11.285,11.458,11.458,70054.0,,adjusted
2018-06-15,11.458,11.538,10.845,10.925,10.925,84048.0,,adjusted
2018-06-19,10.531,10.891,9.601,9.761,9.761,155007.0,,adjusted
2018-06-20,9.841,10.101,9.651,10.031,10.031,101597.0,,adjusted
2018-06-21,10.201,10.501,10.011,10.031,10.031,141431.0,,adjusted
2018-06-22,9.761,10.291,9.691,10.221,10.221,75378.0,,adjusted
2018-06-25,10.291,10.361,9.931,9.941,9.941,72026.0,,adjusted
2018-06-26,9.721,10.181,9.641,10.081,10.081,71184.0,,adjusted
2018-06-27,10.081,10.231,9.841,9.861,9.861,65612.0,,adjusted
2018-06-28,9.931,10.111,8.741,8.831,8.831,235679.0,,adjusted
2018-06-29,8.961,9.571,8.841,9.421,9.421,153971.0,,adjusted
2018-07-02,9.491,9.841,9.381,9.581,9.581,142677.0,,adjusted
2018-07-03,9.631,9.901,9.291,9.761,9.761,156050.0,,adjusted
2018-07-04,9.691,9.851,9.341,9.451,9.451,109036.0,,adjusted
2018-07-05,9.551,9.621,8.681,8.831,8.831,156808.0,,adjusted
2018-07-06,8.761,9.021,8.411,8.661,8.661,134764.0,,adjusted
2018-07-09,8.781,9.151,8.671,9.101,9.101,128830.0,,adjusted
2018-07-10,9.141,9.391,9.001,9.281,9.281,164213.0,,adjusted
2018-07-11,8.981,9.041,8.681,8.971,8.971,133447.0,,adjusted
2018-07-12,8.931,9.411,8.931,9.281,9.281,143941.0,,adjusted
2018-07-13,9.341,9.481,9.141,9.421,9.421,127804.0,,adjusted
2018-07-16,9.361,9.381,9.081,9.171,9.171,116097.0,,adjusted
2018-07-17,9.201,9.261,9.001,9.161,9.161,86861.0,,adjusted
2018-07-18,9.161,9.321,9.091,9.101,9.101,101234.0,,adjusted
2018-07-19,9.071,9.171,8.811,8.881,8.881,91957.0,,adjusted
2018-07-20,8.931,9.141,8.811,9.081,9.081,92817.0,,adjusted
2018-07-23,9.071,9.261,8.941,9.261,9.261,126919.0,,adjusted
2018-07-24,9.271,9.661,9.101,9.541,9.541,208019.0,,adjusted
2018-07-25,9.531,9.551,9.291,9.381,9.381,139937.0,,adjusted
2018-07-26,9.431,9.501,9.281,9.331,9.331,127224.0,,adjusted
2018-07-27,9.291,9.331,8.951,9.011,9.011,121183.0,,adjusted
2018-07-30,9.011,9.291,8.971,9.111,9.111,129597.0,,adjusted
2018-07-31,9.081,9.161,8.851,9.111,9.111,82867.0,,adjusted
2018-08-01,9.171,9.431,8.951,8.991,8.991,133076.0,,adjusted
2018-08-02,8.991,8.991,8.441,8.651,8.651,123449.0,,adjusted
2018-08-03,8.651,8.721,8.261,8.301,8.301,88857.0,,adjusted
2018-08-06,8.291,8.451,8.061,8.141,8.141,100264.0,,adjusted
2018-08-07,8.191,8.371,7.631,8.351,8.351,117060.0,,adjusted
2018-08-08,8.281,8.331,7.891,7.901,7.901,96613.0,,adjusted
2018-08-09,7.861,8.331,7.751,8.201,8.201,111603.0,,adjusted
2018-08-10,8.271,8.421,8.131,8.311,8.311,80643.0,,adjusted
2018-08-13,8.081,8.371,8.051,8.311,8.311,67823.0,,adjusted
2018-08-14,8.301,8.451,8.201,8.221,8.221,85646.0,,adjusted
2018-08-15,8.201,8.461,8.201,8.231,8.231,121886.0,,adjusted
2018-08-16,8.041,8.111,7.781,7.861,7.861,115512.0,,adjusted
2018-08-17,7.991,8.071,7.701,7.751,7.751,68870.0,,adjusted
2018-08-20,7.751,7.811,7.381,7.641,7.641,97319.0,,adjusted
2018-08-21,7.671,7.801,7.571,7.781,7.781,69204.0,,adjusted
2018-08-22,8.081,8.291,7.911,7.961,7.961,198065.0,,adjusted
2018-08-23,8.031,8.261,7.981,8.111,8.111,133892.0,,adjusted
2018-08-24,8.111,8.221,8.001,8.141,8.141,87512.0,,adjusted
2018-08-27,8.181,8.501,8.141,8.501,8.501,125704.0,,adjusted
2018-08-28,8.461,8.921,8.381,8.851,8.851,180119.0,,adjusted
2018-08-29,8.731,8.981,8.711,8.811,8.811,167721.0,,adjusted
2018-08-30,8.801,8.931,8.621,8.641,8.641,109227.0,,adjusted
2018-08-31,8.701,8.811,8.561,8.611,8.611,99686.0,,adjusted
2018-09-03,8.611,8.801,8.401,8.661,8.661,105862.0,,adjusted
2018-09-04,8.631,8.861,8.501,8.791,8.791,113074.0,,adjusted
2018-09-05,8.831,8.831,8.481,8.561,8.561,88859.0,,adjusted
2018-09-06,8.441,8.651,8.321,8.431,8.431,64312.0,,adjusted
2018-09-07,8.451,8.731,8.411,8.551,8.551,73832.0,,adjusted
2018-09-10,8.551,8.571,8.261,8.291,8.291,56889.0,,adjusted
2018-09-11,8.411,8.521,8.321,8.461,8.461,75885.0,,adjusted
2018-09-12,8.451,8.451,7.941,8.141,8.141,83302.0,,adjusted
2018-09-13,8.271,8.391,8.091,8.291,8.291,63928.0,,adjusted
2018-09-14,8.211,8.431,8.211,8.221,8.221,46864.0,,adjusted
2018-09-17,8.231,8.231,7.831,7.911,7.911,49834.0,,adjusted
2018-09-18,7.811,8.351,7.771,8.281,8.281,73848.0,,adjusted
2018-09-19,8.181,8.561,8.181,8.391,8.391,87086.0,,adjusted
2018-09-20,8.341,8.481,8.331,8.381,8.381,46233.0,,adjusted
2018-09-21,8.381,8.661,8.211,8.601,8.601,96927.0,,adjusted
2018-09-25,8.521,8.791,8.441,8.691,8.691,89053.0,,adjusted
2018-09-26,8.691,8.861,8.581,8.751,8.751,103214.0,,adjusted
2018-09-27,8.771,8.781,8.661,8.701,8.701,62348.0,,adjusted
2018-09-28,8.731,8.801,8.511,8.771,8.771,93100.0,,adjusted
2018-10-08,8.651,8.651,8.111,8.141,8.141,103965.0,,adjusted
2018-10-09,8.151,8.301,8.031,8.181,8.181,50261.0,,adjusted
2018-10-10,8.221,8.411,8.181,8.271,8.271,57740.0,,adjusted
2018-10-11,7.861,8.131,7.531,7.621,7.621,126414.0,,adjusted
2018-10-12,7.571,7.831,7.401,7.621,7.621,91719.0,,adjusted
2018-10-15,7.681,7.901,7.561,7.641,7.641,80946.0,,adjusted
2018-10-16,7.621,7.661,6.841,6.961,6.961,145906.0,,adjusted
2018-10-17,7.131,7.151,6.671,7.021,7.021,86759.0,,adjusted
2018-10-18,6.951,7.121,6.641,6.981,6.981,80797.0,,adjusted
2018-10-19,6.241,6.921,6.171,6.921,6.921,181281.0,,adjusted
2018-10-22,6.941,7.431,6.841,7.291,7.291,154154.0,,adjusted
2018-10-23,7.281,7.281,6.781,6.781,6.781,129257.0,,adjusted
2018-10-24,6.781,6.931,6.641,6.721,6.721,87323.0,,adjusted
2018-10-25,6.351,6.691,6.291,6.681,6.681,81219.0,,adjusted
2018-10-26,6.731,6.811,6.661,6.701,6.701,48392.0,,adjusted
2018-10-29,6.721,6.721,6.401,6.411,6.411,73943.0,,adjusted
2018-10-30,6.361,6.581,6.341,6.501,6.501,70174.0,,adjusted
2018-10-31,6.581,6.791,6.561,6.731,6.731,87293.0,,adjusted
2018-11-01,6.771,6.911,6.671,6.711,6.711,104730.0,,adjusted
2018-11-02,6.951,7.061,6.821,7.051,7.051,141301.0,,adjusted
2018-11-05,7.051,7.181,6.881,7.101,7.101,116690.0,,adjusted
2018-11-06,7.021,7.031,6.891,6.981,6.981,65341.0,,adjusted
2018-11-07,6.971,7.071,6.851,6.881,6.881,72620.0,,adjusted
2018-11-08,6.961,6.991,6.831,6.841,6.841,61578.0,,adjusted
2018-11-09,6.771,6.881,6.701,6.721,6.721,56049.0,,adjusted
2018-11-12,6.681,6.961,6.681,6.961,6.961,81872.0,,adjusted
2018-11-13,6.831,7.121,6.801,7.071,7.071,112816.0,,adjusted
2018-11-14,7.101,7.271,7.031,7.091,7.091,113230.0,,adjusted
2018-11-15,7.061,7.231,7.011,7.221,7.221,83986.0,,adjusted
2018-11-16,7.231,7.381,7.151,7.271,7.271,99570.0,,adjusted
2018-11-19,7.281,7.421,7.181,7.421,7.421,96972.0,,adjusted
2018-11-20,7.301,7.361,7.101,7.131,7.131,88125.0,,adjusted
2018-11-21,7.051,7.151,6.991,7.111,7.111,59120.0,,adjusted
2018-11-22,7.181,7.191,6.991,7.081,7.081,58270.0,,adjusted
2018-11-23,7.041,7.111,6.701,6.781,6.781,81927.0,,adjusted
2018-11-26,6.731,6.761,6.551,6.631,6.631,60756.0,,adjusted
2018-11-27,6.651,6.731,6.571,6.641,6.641,49165.0,,adjusted
2018-11-28,6.661,6.781,6.561,6.761,6.761,48738.0,,adjusted
2018-11-29,6.771,6.891,6.581,6.621,6.621,63775.0,,adjusted
2018-11-30,6.731,7.081,6.721,6.921,6.921,132936.0,,adjusted
2018-12-03,7.131,7.251,6.961,7.181,7.181,154024.0,,adjusted
2018-12-04,7.151,7.191,7.011,7.121,7.121,106426.0,,adjusted
2018-12-05,6.911,7.081,6.841,6.971,6.971,75990.0,,adjusted
2018-12-06,6.921,6.961,6.821,6.831,6.831,64992.0,,adjusted
2018-12-07,6.831,6.931,6.821,6.901,6.901,40555.0,,adjusted
2018-12-10,6.831,6.881,6.701,6.731,6.731,46181.0,,adjusted
2018-12-11,6.761,6.821,6.751,6.821,6.821,28810.0,,adjusted
2018-12-12,6.851,6.951,6.831,6.891,6.891,42578.0,,adjusted
2018-12-13,6.891,7.071,6.821,7.021,7.021,73032.0,,adjusted
2018-12-14,6.991,7.121,6.911,6.921,6.921,80787.0,,adjusted
2018-12-17,6.891,6.911,6.731,6.851,6.851,52038.0,,adjusted
2018-12-18,6.831,6.851,6.681,6.751,6.751,47949.0,,adjusted
2018-12-19,6.751,6.801,6.681,6.701,6.701,34820.0,,adjusted
2018-12-20,6.761,6.841,6.711,6.831,6.831,53036.0,,adjusted
2018-12-21,6.771,6.781,6.651,6.751,6.751,34748.0,,adjusted
2018-12-24,6.731,6.831,6.721,6.801,6.801,29907.0,,adjusted
2018-12-25,6.731,6.911,6.591,6.851,6.851,59517.0,,adjusted
2018-12-26,6.831,6.921,6.781,6.881,6.881,42094.0,,adjusted
2018-12-27,6.971,7.011,6.761,6.761,6.761,53572.0,,adjusted
2018-12-28,6.811,6.831,6.701,6.731,6.731,40103.0,,adjusted
2019-01-02,6.731,6.801,6.671,6.711,6.711,31015.0,,adjusted
2019-01-03,6.671,6.751,6.401,6.411,6.411,80483.0,,adjusted
2019-01-04,6.331,6.611,6.301,6.571,6.571,53316.0,,adjusted
2019-01-07,6.641,6.781,6.591,6.741,6.741,58107.0,,adjusted
2019-01-08,6.691,6.831,6.691,6.781,6.781,44776.0,,adjusted
2019-01-09,6.811,6.991,6.741,6.781,6.781,78687.0,,adjusted
2019-01-10,6.751,6.821,6.731,6.761,6.761,45658.0,,adjusted
2019-01-11,6.741,6.811,6.711,6.801,6.801,45098.0,,adjusted
2019-01-14,6.791,6.821,6.731,6.761,6.761,28950.0,,adjusted
2019-01-15,6.771,6.851,6.681,6.851,6.851,57588.0,,adjusted
2019-01-16,6.841,6.891,6.771,6.821,6.821,35219.0,,adjusted
2019-01-17,6.811,6.821,6.711,6.741,6.741,41046.0,,adjusted
2019-01-18,6.741,6.991,6.741,6.991,6.991,122776.0,,adjusted
2019-01-21,7.161,7.221,7.001,7.111,7.111,106267.0,,adjusted
2019-01-22,7.061,7.101,6.951,6.981,6.981,59711.0,,adjusted
2019-01-23,6.931,7.171,6.931,7.171,7.171,92493.0,,adjusted
2019-01-24,7.141,7.261,7.101,7.161,7.161,69103.0,,adjusted
2019-01-25,7.181,7.281,7.121,7.131,7.131,77539.0,,adjusted
2019-01-28,7.221,7.261,7.111,7.171,7.171,56623.0,,adjusted
2019-01-29,7.121,7.231,6.931,7.181,7.181,83001.0,,adjusted
2019-01-30,7.131,7.381,7.121,7.211,7.211,120957.0,,adjusted
2019-01-31,7.301,7.361,7.131,7.141,7.141,106032.0,,adjusted
2019-02-01,7.211,7.511,7.201,7.471,7.471,133929.0,,adjusted
2019-02-11,7.451,7.711,7.421,7.691,7.691,117171.0,,adjusted
2019-02-12,7.671,8.051,7.601,7.981,7.981,175969.0,,adjusted
2019-02-13,8.001,8.041,7.861,7.971,7.971,211020.0,,adjusted
2019-02-14,7.931,8.041,7.841,7.961,7.961,129731.0,,adjusted
2019-02-15,7.961,8.111,7.891,7.891,7.891,118930.0,,adjusted
2019-02-18,7.981,8.231,7.981,8.231,8.231,151199.0,,adjusted
2019-02-19,8.221,8.351,7.951,8.061,8.061,157862.0,,adjusted
2019-02-20,8.031,8.111,7.921,8.031,8.031,88098.0,,adjusted
2019-02-21,8.031,8.201,7.931,7.991,7.991,123939.0,,adjusted
2019-02-22,8.021,8.121,7.861,8.081,8.081,107076.0,,adjusted
2019-02-25,8.111,8.581,8.061,8.511,8.511,218691.0,,adjusted
2019-02-26,8.511,8.931,8.371,8.741,8.741,233541.0,,adjusted
2019-02-27,8.671,8.771,8.441,8.561,8.561,190118.0,,adjusted
2019-02-28,8.721,9.031,8.711,8.721,8.721,188169.0,,adjusted
2019-03-01,8.871,9.091,8.761,9.031,9.031,199192.0,,adjusted
2019-03-04,9.061,9.291,8.871,8.951,8.951,254517.0,,adjusted
2019-03-05,8.951,9.091,8.841,9.061,9.061,148822.0,,adjusted
2019-03-06,9.091,9.201,8.881,9.081,9.081,157569.0,,adjusted
2019-03-07,9.091,9.131,8.921,9.071,9.071,169189.0,,adjusted
2019-03-08,8.901,8.931,8.431,8.461,8.461,204891.0,,adjusted
2019-03-11,8.461,9.381,8.461,9.371,9.371,237352.0,,adjusted
2019-03-12,9.451,9.491,9.191,9.441,9.441,229240.0,,adjusted
2019-03-13,9.431,9.431,8.961,9.031,9.031,161916.0,,adjusted
2019-03-14,8.951,9.131,8.731,8.971,8.971,104505.0,,adjusted
2019-03-15,9.021,9.371,8.911,9.121,9.121,151540.0,,adjusted
2019-03-18,9.171,9.481,9.071,9.481,9.481,215686.0,,adjusted
2019-03-19,9.821,10.081,9.631,9.721,9.721,253773.0,,adjusted
2019-03-20,9.721,9.821,9.471,9.631,9.631,143487.0,,adjusted
2019-03-21,9.631,9.681,9.481,9.571,9.571,149778.0,,adjusted
2019-03-22,10.301,10.751,10.111,10.751,10.751,789645.0,,adjusted
2019-03-25,11.011,12.051,10.751,12.051,12.051,747891.0,,adjusted
2019-03-26,12.741,12.911,10.731,10.891,10.891,743404.0,,adjusted
2019-03-27,10.981,12.211,10.981,12.211,12.211,597408.0,,adjusted
2019-03-28,12.751,13.211,11.751,11.761,11.761,964938.0,,adjusted
2019-03-29,11.791,12.521,10.981,11.961,11.961,710828.0,,adjusted
2019-04-01,12.281,13.381,12.101,13.381,13.381,872863.0,,adjusted
2019-04-02,13.861,14.951,13.531,14.951,14.951,805139.0,,adjusted
2019-04-03,14.631,15.061,13.741,14.131,14.131,930754.0,,adjusted
2019-04-04,14.711,15.711,14.281,14.831,14.831,823499.0,,adjusted
2019-04-08,16.481,16.541,15.841,16.541,16.541,714015.0,,adjusted
2019-04-09,16.681,16.681,14.771,15.351,15.351,854542.0,,adjusted
2019-04-10,14.881,16.611,14.331,15.221,15.221,894636.0,,adjusted
2019-04-11,14.731,14.811,13.631,13.711,13.711,654341.0,,adjusted
2019-04-12,13.331,13.721,13.131,13.201,13.201,360295.0,,adjusted
2019-04-15,13.581,13.781,13.111,13.231,13.231,337019.0,,adjusted
2019-04-16,13.091,14.191,13.081,14.071,14.071,494415.0,,adjusted
2019-04-17,14.181,15.701,14.031,15.371,15.371,901534.0,,adjusted
2019-04-18,14.981,16.291,14.931,15.671,15.671,840008.0,,adjusted
2019-04-19,15.131,15.461,14.451,14.901,14.901,564482.0,,adjusted
2019-04-22,15.321,16.011,15.091,15.291,15.291,391254.0,,adjusted
2019-04-23,15.161,15.831,14.611,15.191,15.191,441003.0,,adjusted
2019-04-24,15.451,15.531,14.031,14.621,14.621,425135.0,,adjusted
2019-04-25,14.511,14.811,13.661,14.061,14.061,341201.0,,adjusted
2019-04-26,13.981,14.291,13.451,13.641,13.641,285270.0,,adjusted
2019-04-29,13.161,13.911,12.681,12.821,12.821,338908.0,,adjusted
2019-04-30,13.171,13.401,12.731,13.011,13.011,235812.0,,adjusted
2019-05-06,12.311,12.631,11.651,11.761,11.761,306584.0,,adjusted
2019-05-07,12.131,12.211,11.681,12.001,12.001,211875.0,,adjusted
2019-05-08,11.571,12.421,11.551,11.891,11.891,249929.0,,adjusted
2019-05-09,11.641,12.121,11.561,11.681,11.681,199869.0,,adjusted
2019-05-10,11.951,12.191,11.281,12.131,12.131,276872.0,,adjusted
2019-05-13,11.801,11.901,11.531,11.561,11.561,186526.0,,adjusted
2019-05-14,11.331,11.981,11.321,11.691,11.691,218925.0,,adjusted
2019-05-15,11.931,12.891,11.731,12.511,12.511,384777.0,,adjusted
2019-05-16,12.301,12.481,12.051,12.191,12.191,221543.0,,adjusted
2019-05-17,12.091,12.171,11.551,11.551,11.551,227289.0,,adjusted
2019-05-20,11.551,11.551,10.331,11.021,11.021,223533.0,,adjusted
2019-05-21,11.011,11.521,10.971,11.301,11.301,166987.0,,adjusted
2019-05-22,11.271,11.681,11.191,11.331,11.331,162972.0,,adjusted
2019-05-23,11.181,11.551,10.941,11.251,11.251,128448.0,,adjusted
2019-05-24,11.231,11.431,11.081,11.221,11.221,118611.0,,adjusted
2019-05-27,11.261,11.611,11.001,11.511,11.511,143745.0,,adjusted
2019-05-28,11.441,11.671,11.251,11.311,11.311,163401.0,,adjusted
2019-05-29,11.311,11.431,11.131,11.161,11.161,112340.0,,adjusted
2019-05-30,11.081,11.331,10.961,11.091,11.091,122086.0,,adjusted
2019-05-31,10.961,11.231,10.621,10.741,10.741,191860.0,,adjusted
2019-06-03,10.781,10.971,10.631,10.661,10.661,130935.0,,adjusted
2019-06-04,10.731,10.731,10.301,10.571,10.571,122183.0,,adjusted
2019-06-05,10.711,10.731,10.391,10.411,10.411,119701.0,,adjusted
2019-06-06,10.471,10.481,10.031,10.071,10.071,148008.0,,adjusted
2019-06-10,10.171,10.301,10.051,10.221,10.221,154053.0,,adjusted
2019-06-11,10.351,10.811,10.241,10.751,10.751,143060.0,,adjusted
2019-06-12,10.661,10.821,10.161,10.281,10.281,240137.0,,adjusted
2019-06-13,10.231,10.801,10.151,10.711,10.711,185460.0,,adjusted
2019-06-14,10.861,10.861,10.231,10.261,10.261,163903.0,,adjusted
2019-06-17,10.171,10.481,10.061,10.271,10.271,120282.0,,adjusted
2019-06-18,10.291,10.411,10.191,10.241,10.241,71706.0,,adjusted
2019-06-19,10.541,10.821,10.451,10.501,10.501,151361.0,,adjusted
2019-06-20,10.461,10.841,10.411,10.671,10.671,167101.0,,adjusted
2019-06-21,10.771,10.981,10.531,10.811,10.811,170584.0,,adjusted
2019-06-24,10.831,10.941,10.741,10.841,10.841,98933.0,,adjusted
2019-06-25,10.881,10.921,10.431,10.531,10.531,124025.0,,adjusted
2019-06-26,10.531,10.631,10.441,10.541,10.541,65921.0,,adjusted
2019-06-27,10.551,10.971,10.551,10.961,10.961,161148.0,,adjusted
2019-06-28,10.871,11.071,10.591,10.691,10.691,99506.0,,adjusted
2019-07-01,10.981,11.451,10.781,11.291,11.291,221596.0,,adjusted
2019-07-02,11.161,11.481,11.101,11.181,11.181,192450.0,,adjusted
2019-07-03,11.131,11.131,10.881,10.951,10.951,101996.0,,adjusted
2019-07-04,10.931,11.031,10.701,10.811,10.811,77469.0,,adjusted
2019-07-05,10.831,11.311,10.701,11.161,11.161,155395.0,,adjusted
2019-07-08,11.091,11.101,10.481,10.561,10.561,132552.0,,adjusted
2019-07-09,10.531,10.651,10.471,10.551,10.551,86829.0,,adjusted
2019-07-10,10.581,10.621,10.171,10.251,10.251,85906.0,,adjusted
2019-07-11,10.321,10.441,10.081,10.211,10.211,72892.0,,adjusted
2019-07-12,10.201,10.561,10.171,10.301,10.301,78381.0,,adjusted
2019-07-15,10.331,10.631,10.081,10.541,10.541,118050.0,,adjusted
2019-07-16,10.531,10.781,10.471,10.691,10.691,89197.0,,adjusted
2019-07-17,10.681,11.211,10.651,10.981,10.981,153644.0,,adjusted
2019-07-18,10.881,11.111,10.761,10.861,10.861,120629.0,,adjusted
2019-07-19,10.941,11.111,10.651,10.711,10.711,99506.0,,adjusted
2019-07-22,10.781,10.791,10.311,10.331,10.331,97393.0,,adjusted
2019-07-23,10.331,10.681,10.271,10.681,10.681,98924.0,,adjusted
2019-07-24,10.761,10.901,10.611,10.731,10.731,76671.0,,adjusted
2019-07-25,10.801,10.801,10.471,10.551,10.551,69783.0,,adjusted
2019-07-26,10.561,10.611,10.511,10.561,10.561,53411.0,,adjusted
2019-07-29,10.531,10.581,10.331,10.431,10.431,58849.0,,adjusted
2019-07-30,10.431,10.631,10.401,10.531,10.531,63411.0,,adjusted
2018-01-02,19.7,20.29,19.51,20.2,,260452.0,,raw
2018-01-03,20.07,20.49,19.93,20.05,,200483.0,,raw
2018-01-04,20.04,20.46,19.97,20.33,,161061.0,,raw
2018-01-05,20.15,20.3,19.88,20.17,,125456.0,,raw
2018-01-08,20.1,20.45,19.82,20.32,,147107.0,,raw
2018-01-09,20.21,20.24,19.71,19.85,,123432.0,,raw
2018-01-10,19.9,20.09,19.51,19.88,,100590.0,,raw
2018-01-11,19.76,20.34,19.46,20.31,,156284.0,,raw
2018-01-12,20.16,20.28,19.48,19.5,,163003.0,,raw
2018-01-15,19.32,19.9,19.0,19.52,,168753.0,,raw
2018-01-16,19.37,19.73,19.23,19.71,,100379.0,,raw
2018-01-17,19.67,19.88,18.8,18.84,,146947.0,,raw
2018-01-18,19.0,20.07,18.75,20.07,,269669.0,,raw
2018-01-19,19.85,20.68,19.81,20.13,,258761.0,,raw
2018-01-22,20.13,20.53,19.95,20.38,,127056.0,,raw
2018-01-23,20.37,20.87,20.18,20.33,,183326.0,,raw
2018-01-24,20.28,20.77,20.18,20.48,,131759.0,,raw
2018-01-25,20.3,20.97,20.1,20.35,,130408.0,,raw
2018-01-26,20.21,20.78,20.21,20.29,,117895.0,,raw
2018-01-29,20.25,20.44,19.56,19.72,,158724.0,,raw
2018-01-30,19.7,21.69,19.66,21.58,,375720.0,,raw
2018-01-31,21.31,21.56,20.8,20.93,,331091.0,,raw
2018-02-01,21.35,21.56,20.7,20.95,,225351.0,,raw
2018-02-02,20.74,21.5,19.91,21.43,,197540.0,,raw
2018-02-05,21.05,22.66,21.0,22.33,,245591.0,,raw
2018-02-06,21.74,22.87,21.56,21.59,,266128.0,,raw
2018-02-07,22.35,22.51,20.01,20.99,,275276.0,,raw
2018-02-08,20.72,21.59,20.68,21.23,,175015.0,,raw
2018-02-09,20.36,20.76,19.11,19.11,,254083.0,,raw
2018-02-12,19.4,19.87,19.17,19.63,,141799.0,,raw
2018-02-13,20.2,21.54,20.11,20.93,,172496.0,,raw
2018-02-14,20.98,21.27,20.72,21.06,,129186.0,,raw
2018-02-22,21.29,23.17,21.29,23.17,,362093.0,,raw
2018-02-23,23.1,23.58,22.85,23.51,,261619.0,,raw
2018-02-26,23.45,23.87,23.11,23.62,,271514.0,,raw
2018-02-27,23.62,24.18,23.05,23.94,,280707.0,,raw
2018-02-28,23.9,23.93,23.31,23.48,,192285.0,,raw
2018-03-01,23.4,24.49,23.31,23.58,,278210.0,,raw
2018-03-02,23.7,24.83,23.35,24.23,,330655.0,,raw
2018-03-05,24.26,24.92,22.81,22.93,,357554.0,,raw
2018-03-06,23.16,24.78,22.56,24.75,,340832.0,,raw
2018-03-07,24.32,24.65,23.56,23.75,,269218.0,,raw
2018-03-08,23.79,24.04,23.28,23.7,,166222.0,,raw
2018-03-09,23.7,23.74,22.97,23.51,,193420.0,,raw
2018-03-12,23.55,24.2,23.1,24.17,,258548.0,,raw
2018-03-13,23.9,23.9,23.0,23.18,,224007.0,,raw
2018-03-14,23.13,23.64,23.0,23.18,,153762.0,,raw
2018-03-15,23.19,23.85,23.18,23.62,,150691.0,,raw
2018-03-16,23.68,23.84,22.6,22.7,,173430.0,,raw
2018-03-19,22.66,22.88,22.3,22.6,,133527.0,,raw
2018-03-20,22.46,22.83,22.33,22.69,,81738.0,,raw
2018-03-21,22.86,23.44,22.6,22.78,,130941.0,,raw
2018-03-22,22.97,23.2,22.03,22.15,,103105.0,,raw
2018-03-23,21.0,21.35,19.94,20.31,,198166.0,,raw
2018-03-26,20.18,21.26,20.1,21.26,,110555.0,,raw
2018-03-27,21.62,21.93,21.27,21.55,,112004.0,,raw
2018-03-28,21.21,21.45,20.6,20.98,,120611.0,,raw
2018-03-29,21.05,21.6,20.76,21.42,,138374.0,,raw
2018-03-30,21.88,21.88,21.16,21.33,,170988.0,,raw
2018-04-02,21.2,21.94,21.18,21.42,,147740.0,,raw
2018-04-03,20.98,21.13,20.53,20.99,,125401.0,,raw
2018-04-04,20.99,21.24,20.69,20.76,,130774.0,,raw
2018-04-09,20.79,20.9,20.21,20.41,,101771.0,,raw
2018-04-10,20.58,21.21,20.58,21.21,,151906.0,,raw
2018-04-11,21.63,21.94,21.25,21.36,,184361.0,,raw
2018-04-12,21.34,21.46,21.08,21.27,,82064.0,,raw
2018-04-13,21.35,21.48,21.09,21.15,,64752.0,,raw
2018-04-16,21.06,21.14,20.26,20.55,,103788.0,,raw
2018-04-17,20.59,20.79,19.95,19.99,,93167.0,,raw
2018-04-18,20.21,20.67,19.9,20.49,,96945.0,,raw
2018-04-19,20.4,20.76,20.36,20.72,,94270.0,,raw
2018-04-20,20.58,20.62,19.65,19.7,,111304.0,,raw
2018-04-23,19.69,20.13,19.38,19.96,,85424.0,,raw
2018-04-24,19.96,20.88,19.96,20.87,,113898.0,,raw
2018-04-25,20.62,21.11,20.51,21.02,,92770.0,,raw
2018-04-26,21.33,21.33,20.71,20.81,,93091.0,,raw
2018-04-27,20.97,21.08,19.97,20.5,,125678.0,,raw
2018-05-02,20.46,20.84,20.15,20.83,,89465.0,,raw
2018-05-03,20.79,21.34,20.57,21.21,,126285.0,,raw
2018-05-04,21.21,21.42,21.05,21.17,,88844.0,,raw
2018-05-07,21.31,22.02,21.18,21.79,,153344.0,,raw
2018-05-08,21.23,21.42,20.94,21.31,,203889.0,,raw
2018-05-09,21.3,22.0,21.19,22.0,,174479.0,,raw
2018-05-10,22.15,22.58,22.01,22.32,,180701.0,,raw
2018-05-11,22.3,22.56,22.05,22.42,,119018.0,,raw
2018-05-14,22.68,22.94,22.02,22.11,,145815.0,,raw
2018-05-15,22.06,22.5,21.92,22.49,,122083.0,,raw
2018-05-16,22.49,22.73,22.16,22.26,,118206.0,,raw
2018-05-17,22.22,23.19,22.05,22.81,,194643.0,,raw
2018-05-18,22.72,23.26,22.52,22.76,,139472.0,,raw
2018-05-21,23.01,23.76,22.8,23.49,,179877.0,,raw
2018-05-22,23.35,23.53,23.15,23.43,,107149.0,,raw
2018-05-23,23.54,23.6,22.76,22.76,,157135.0,,raw
2018-05-24,22.77,23.16,22.69,22.7,,98676.0,,raw
2018-05-25,22.71,23.05,22.18,22.52,,100537.0,,raw
2018-05-28,22.7,22.91,22.13,22.24,,117159.0,,raw
2018-05-29,22.22,22.59,22.01,22.25,,100104.0,,raw
2018-05-30,21.8,21.8,20.79,20.93,,138154.0,,raw
2018-05-31,21.21,21.45,20.71,21.38,,93243.0,,raw
2018-06-01,21.2,21.36,20.52,20.77,,82276.0,,raw
2018-06-04,20.89,21.05,20.64,20.9,,55602.0,,raw
2018-06-05,20.9,21.64,20.73,21.53,,89166.0,,raw
2018-06-06,21.32,21.52,21.24,21.48,,69958.0,,raw
2018-06-07,21.53,22.03,21.4,21.63,,108512.0,,raw
2018-06-08,21.55,21.66,20.81,20.94,,95589.0,,raw
2018-06-11,20.91,21.16,20.66,20.74,,60912.0,,raw
2018-06-12,21.0,21.44,20.72,21.36,,75168.0,,raw
2018-06-13,21.32,21.59,21.18,21.26,,57712.0,,raw
2018-06-14,21.21,21.46,20.78,21.04,,70054.0,,raw
2018-06-15,21.04,21.16,20.12,20.24,,84048.0,,raw
2018-06-19,12.8,13.16,11.87,12.03,,155007.0,,raw
2018-06-20,12.11,12.37,11.92,12.3,,101597.0,,raw
2018-06-21,12.47,12.77,12.28,12.3,,141431.0,,raw
2018-06-22,12.03,12.56,11.96,12.49,,75378.0,,raw
2018-06-25,12.56,12.63,12.2,12.21,,72026.0,,raw
2018-06-26,11.99,12.45,11.91,12.35,,71184.0,,raw
2018-06-27,12.35,12.5,12.11,12.13,,65612.0,,raw
2018-06-28,12.2,12.38,11.01,11.1,,235679.0,,raw
2018-06-29,11.23,11.84,11.11,11.69,,153971.0,,raw
2018-07-02,11.76,12.11,11.65,11.85,,142677.0,,raw
2018-07-03,11.9,12.17,11.56,12.03,,156050.0,,raw
2018-07-04,11.96,12.12,11.61,11.72,,109036.0,,raw
2018-07-05,11.82,11.89,10.95,11.1,,156808.0,,raw
2018-07-06,11.03,11.29,10.68,10.93,,134764.0,,raw
2018-07-09,11.05,11.42,10.94,11.37,,128830.0,,raw
2018-07-10,11.41,11.66,11.27,11.55,,164213.0,,raw
2018-07-11,11.25,11.31,10.95,11.24,,133447.0,,raw
2018-07-12,11.2,11.68,11.2,11.55,,143941.0,,raw
2018-07-13,11.61,11.75,11.41,11.69,,127804.0,,raw
2018-07-16,11.63,11.65,11.35,11.44,,116097.0,,raw
2018-07-17,11.47,11.53,11.27,11.43,,86861.0,,raw
2018-07-18,11.43,11.59,11.36,11.37,,101234.0,,raw
2018-07-19,11.34,11.44,11.08,11.15,,91957.0,,raw
2018-07-20,11.2,11.41,11.08,11.35,,92817.0,,raw
2018-07-23,11.34,11.53,11.21,11.53,,126919.0,,raw
2018-07-24,11.54,11.93,11.37,11.81,,208019.0,,raw
2018-07-25,11.8,11.82,11.56,11.65,,139937.0,,raw
2018-07-26,11.7,11.77,11.55,11.6,,127224.0,,raw
2018-07-27,11.56,11.6,11.22,11.28,,121183.0,,raw
2018-07-30,11.28,11.56,11.24,11.38,,129597.0,,raw
2018-07-31,11.35,11.43,11.12,11.38,,82867.0,,raw
2018-08-01,11.44,11.7,11.22,11.26,,133076.0,,raw
2018-08-02,11.26,11.26,10.71,10.92,,123449.0,,raw
2018-08-03,10.92,10.99,10.53,10.57,,88857.0,,raw
2018-08-06,10.56,10.72,10.33,10.41,,100264.0,,raw
2018-08-07,10.46,10.64,9.9,10.62,,117060.0,,raw
2018-08-08,10.55,10.6,10.16,10.17,,96613.0,,raw
2018-08-09,10.13,10.6,10.02,10.47,,111603.0,,raw
2018-08-10,10.54,10.69,10.4,10.58,,80643.0,,raw
2018-08-13,10.35,10.64,10.32,10.58,,67823.0,,raw
2018-08-14,10.57,10.72,10.47,10.49,,85646.0,,raw
2018-08-15,10.47,10.73,10.47,10.5,,121886.0,,raw
2018-08-16,10.31,10.38,10.05,10.13,,115512.0,,raw
2018-08-17,10.26,10.34,9.97,10.02,,68870.0,,raw
2018-08-20,10.02,10.08,9.65,9.91,,97319.0,,raw
2018-08-21,9.94,10.07,9.84,10.05,,69204.0,,raw
2018-08-22,10.35,10.56,10.18,10.23,,198065.0,,raw
2018-08-23,10.3,10.53,10.25,10.38,,133892.0,,raw
2018-08-24,10.38,10.49,10.27,10.41,,87512.0,,raw
2018-08-27,10.45,10.77,10.41,10.77,,125704.0,,raw
2018-08-28,10.73,11.19,10.65,11.12,,180119.0,,raw
2018-08-29,11.0,11.25,10.98,11.08,,167721.0,,raw
2018-08-30,11.07,11.2,10.89,10.91,,109227.0,,raw
2018-08-31,10.97,11.08,10.83,10.88,,99686.0,,raw
2018-09-03,10.88,11.07,10.67,10.93,,105862.0,,raw
2018-09-04,10.9,11.13,10.77,11.06,,113074.0,,raw
2018-09-05,11.1,11.1,10.75,10.83,,88859.0,,raw
2018-09-06,10.71,10.92,10.59,10.7,,64312.0,,raw
2018-09-07,10.72,11.0,10.68,10.82,,73832.0,,raw
2018-09-10,10.82,10.84,10.53,10.56,,56889.0,,raw
2018-09-11,10.68,10.79,10.59,10.73,,75885.0,,raw
2018-09-12,10.72,10.72,10.21,10.41,,83302.0,,raw
2018-09-13,10.54,10.66,10.36,10.56,,63928.0,,raw
2018-09-14,10.48,10.7,10.48,10.49,,46864.0,,raw
2018-09-17,10.5,10.5,10.1,10.18,,49834.0,,raw
2018-09-18,10.08,10.62,10.04,10.55,,73848.0,,raw
2018-09-19,10.45,10.83,10.45,10.66,,87086.0,,raw
2018-09-20,10.61,10.75,10.6,10.65,,46233.0,,raw
2018-09-21,10.65,10.93,10.48,10.87,,96927.0,,raw
2018-09-25,10.79,11.06,10.71,10.96,,89053.0,,raw
2018-09-26,10.96,11.13,10.85,11.02,,103214.0,,raw
2018-09-27,11.04,11.05,10.93,10.97,,62348.0,,raw
2018-09-28,11.0,11.07,10.78,11.04,,93100.0,,raw
2018-10-08,10.92,10.92,10.38,10.41,,103965.0,,raw
2018-10-09,10.42,10.57,10.3,10.45,,50261.0,,raw
2018-10-10,10.49,10.68,10.45,10.54,,57740.0,,raw
2018-10-11,10.13,10.4,9.8,9.89,,126414.0,,raw
2018-10-12,9.84,10.1,9.67,9.89,,91719.0,,raw
2018-10-15,9.95,10.17,9.83,9.91,,80946.0,,raw
2018-10-16,9.89,9.93,9.11,9.23,,145906.0,,raw
2018-10-17,9.4,9.42,8.94,9.29,,86759.0,,raw
2018-10-18,9.22,9.39,8.91,9.25,,80797.0,,raw
2018-10-19,8.51,9.19,8.44,9.19,,181281.0,,raw
2018-10-22,9.21,9.7,9.11,9.56,,154154.0,,raw
2018-10-23,9.55,9.55,9.05,9.05,,129257.0,,raw
2018-10-24,9.05,9.2,8.91,8.99,,87323.0,,raw
2018-10-25,8.62,8.96,8.56,8.95,,81219.0,,raw
2018-10-26,9.0,9.08,8.93,8.97,,48392.0,,raw
2018-10-29,8.99,8.99,8.67,8.68,,73943.0,,raw
2018-10-30,8.63,8.85,8.61,8.77,,70174.0,,raw
2018-10-31,8.85,9.06,8.83,9.0,,87293.0,,raw
2018-11-01,9.04,9.18,8.94,8.98,,104730.0,,raw
2018-11-02,9.22,9.33,9.09,9.32,,141301.0,,raw
2018-11-05,9.32,9.45,9.15,9.37,,116690.0,,raw
2018-11-06,9.29,9.3,9.16,9.25,,65341.0,,raw
2018-11-07,9.24,9.34,9.12,9.15,,72620.0,,raw
2018-11-08,9.23,9.26,9.1,9.11,,61578.0,,raw
2018-11-09,9.04,9.15,8.97,8.99,,56049.0,,raw
2018-11-12,8.95,9.23,8.95,9.23,,81872.0,,raw
2018-11-13,9.1,9.39,9.07,9.34,,112816.0,,raw
2018-11-14,9.37,9.54,9.3,9.36,,113230.0,,raw
2018-11-15,9.33,9.5,9.28,9.49,,83986.0,,raw
2018-11-16,9.5,9.65,9.42,9.54,,99570.0,,raw
2018-11-19,9.55,9.69,9.45,9.69,,96972.0,,raw
2018-11-20,9.57,9.63,9.37,9.4,,88125.0,,raw
2018-11-21,9.32,9.42,9.26,9.38,,59120.0,,raw
2018-11-22,9.45,9.46,9.26,9.35,,58270.0,,raw
2018-11-23,9.31,9.38,8.97,9.05,,81927.0,,raw
2018-11-26,9.0,9.03,8.82,8.9,,60756.0,,raw
2018-11-27,8.92,9.0,8.84,8.91,,49165.0,,raw
2018-11-28,8.93,9.05,8.83,9.03,,48738.0,,raw
2018-11-29,9.04,9.16,8.85,8.89,,63775.0,,raw
2018-11-30,9.0,9.35,8.99,9.19,,132936.0,,raw
2018-12-03,9.4,9.52,9.23,9.45,,154024.0,,raw
2018-12-04,9.42,9.46,9.28,9.39,,106426.0,,raw
2018-12-05,9.18,9.35,9.11,9.24,,75990.0,,raw
2018-12-06,9.19,9.23,9.09,9.1,,64992.0,,raw
2018-12-07,9.1,9.2,9.09,9.17,,40555.0,,raw
2018-12-10,9.1,9.15,8.97,9.0,,46181.0,,raw
2018-12-11,9.03,9.09,9.02,9.09,,28810.0,,raw
2018-12-12,9.12,9.22,9.1,9.16,,42578.0,,raw
2018-12-13,9.16,9.34,9.09,9.29,,73032.0,,raw
2018-12-14,9.26,9.39,9.18,9.19,,80787.0,,raw
2018-12-17,9.16,9.18,9.0,9.12,,52038.0,,raw
2018-12-18,9.1,9.12,8.95,9.02,,47949.0,,raw
2018-12-19,9.02,9.07,8.95,8.97,,34820.0,,raw
2018-12-20,9.03,9.11,8.98,9.1,,53036.0,,raw
2018-12-21,9.04,9.05,8.92,9.02,,34748.0,,raw
2018-12-24,9.0,9.1,8.99,9.07,,29907.0,,raw
2018-12-25,9.0,9.18,8.86,9.12,,59517.0,,raw
2018-12-26,9.1,9.19,9.05,9.15,,42094.0,,raw
2018-12-27,9.24,9.28,9.03,9.03,,53572.0,,raw
2018-12-28,9.08,9.1,8.97,9.0,,40103.0,,raw
2019-01-02,9.0,9.07,8.94,8.98,,31015.0,,raw
2019-01-03,8.94,9.02,8.67,8.68,,80483.0,,raw
2019-01-04,8.6,8.88,8.57,8.84,,53316.0,,raw
2019-01-07,8.91,9.05,8.86,9.01,,58107.0,,raw
2019-01-08,8.96,9.1,8.96,9.05,,44776.0,,raw
2019-01-09,9.08,9.26,9.01,9.05,,78687.0,,raw
2019-01-10,9.02,9.09,9.0,9.03,,45658.0,,raw
2019-01-11,9.01,9.08,8.98,9.07,,45098.0,,raw
2019-01-14,9.06,9.09,9.0,9.03,,28950.0,,raw
2019-01-15,9.04,9.12,8.95,9.12,,57588.0,,raw
2019-01-16,9.11,9.16,9.04,9.09,,35219.0,,raw
2019-01-17,9.08,9.09,8.98,9.01,,41046.0,,raw
2019-01-18,9.01,9.26,9.01,9.26,,122776.0,,raw
2019-01-21,9.43,9.49,9.27,9.38,,106267.0,,raw
2019-01-22,9.33,9.37,9.22,9.25,,59711.0,,raw
2019-01-23,9.2,9.44,9.2,9.44,,92493.0,,raw
2019-01-24,9.41,9.53,9.37,9.43,,69103.0,,raw
2019-01-25,9.45,9.55,9.39,9.4,,77539.0,,raw
2019-01-28,9.49,9.53,9.38,9.44,,56623.0,,raw
2019-01-29,9.39,9.5,9.2,9.45,,83001.0,,raw
2019-01-30,9.4,9.65,9.39,9.48,,120957.0,,raw
2019-01-31,9.57,9.63,9.4,9.41,,106032.0,,raw
2019-02-01,9.48,9.78,9.47,9.74,,133929.0,,raw
2019-02-11,9.72,9.98,9.69,9.96,,117171.0,,raw
2019-02-12,9.94,10.32,9.87,10.25,,175969.0,,raw
2019-02-13,10.27,10.31,10.13,10.24,,211020.0,,raw
2019-02-14,10.2,10.31,10.11,10.23,,129731.0,,raw
2019-02-15,10.23,10.38,10.16,10.16,,118930.0,,raw
2019-02-18,10.25,10.5,10.25,10.5,,151199.0,,raw
2019-02-19,10.49,10.62,10.22,10.33,,157862.0,,raw
2019-02-20,10.3,10.38,10.19,10.3,,88098.0,,raw
2019-02-21,10.3,10.47,10.2,10.26,,123939.0,,raw
2019-02-22,10.29,10.39,10.13,10.35,,107076.0,,raw
2019-02-25,10.38,10.85,10.33,10.78,,218691.0,,raw
2019-02-26,10.78,11.2,10.64,11.01,,233541.0,,raw
2019-02-27,10.94,11.04,10.71,10.83,,190118.0,,raw
2019-02-28,10.99,11.3,10.98,10.99,,188169.0,,raw
2019-03-01,11.14,11.36,11.03,11.3,,199192.0,,raw
2019-03-04,11.33,11.56,11.14,11.22,,254517.0,,raw
2019-03-05,11.22,11.36,11.11,11.33,,148822.0,,raw
2019-03-06,11.36,11.47,11.15,11.35,,157569.0,,raw
2019-03-07,11.36,11.4,11.19,11.34,,169189.0,,raw
2019-03-08,11.17,11.2,10.7,10.73,,204891.0,,raw
2019-03-11,10.73,11.65,10.73,11.64,,237352.0,,raw
2019-03-12,11.72,11.76,11.46,11.71,,229240.0,,raw
2019-03-13,11.7,11.7,11.23,11.3,,161916.0,,raw
2019-03-14,11.22,11.4,11.0,11.24,,104505.0,,raw
2019-03-15,11.29,11.64,11.18,11.39,,151540.0,,raw
2019-03-18,11.44,11.75,11.34,11.75,,215686.0,,raw
2019-03-19,12.09,12.35,11.9,11.99,,253773.0,,raw
2019-03-20,11.99,12.09,11.74,11.9,,143487.0,,raw
2019-03-21,11.9,11.95,11.75,11.84,,149778.0,,raw
2019-03-22,12.57,13.02,12.38,13.02,,789645.0,,raw
2019-03-25,13.28,14.32,13.02,14.32,,747891.0,,raw
2019-03-26,15.01,15.18,13.0,13.16,,743404.0,,raw
2019-03-27,13.25,14.48,13.25,14.48,,597408.0,,raw
2019-03-28,15.02,15.48,14.02,14.03,,964938.0,,raw
2019-03-29,14.06,14.79,13.25,14.23,,710828.0,,raw
2019-04-01,14.55,15.65,14.37,15.65,,872863.0,,raw
2019-04-02,16.13,17.22,15.8,17.22,,805139.0,,raw
2019-04-03,16.9,17.33,16.01,16.4,,930754.0,,raw
2019-04-04,16.98,17.98,16.55,17.1,,823499.0,,raw
2019-04-08,18.75,18.81,18.11,18.81,,714015.0,,raw
2019-04-09,18.95,18.95,17.04,17.62,,854542.0,,raw
2019-04-10,17.15,18.88,16.6,17.49,,894636.0,,raw
2019-04-11,17.0,17.08,15.9,15.98,,654341.0,,raw
2019-04-12,15.6,15.99,15.4,15.47,,360295.0,,raw
2019-04-15,15.85,16.05,15.38,15.5,,337019.0,,raw
2019-04-16,15.36,16.46,15.35,16.34,,494415.0,,raw
2019-04-17,16.45,17.97,16.3,17.64,,901534.0,,raw
2019-04-18,17.25,18.56,17.2,17.94,,840008.0,,raw
2019-04-19,17.4,17.73,16.72,17.17,,564482.0,,raw
2019-04-22,17.59,18.28,17.36,17.56,,391254.0,,raw
2019-04-23,17.43,18.1,16.88,17.46,,441003.0,,raw
2019-04-24,17.72,17.8,16.3,16.89,,425135.0,,raw
2019-04-25,16.78,17.08,15.93,16.33,,341201.0,,raw
2019-04-26,16.25,16.56,15.72,15.91,,285270.0,,raw
2019-04-29,15.43,16.18,14.95,15.09,,338908.0,,raw
2019-04-30,15.44,15.67,15.0,15.28,,235812.0,,raw
2019-05-06,14.58,14.9,13.92,14.03,,306584.0,,raw
2019-05-07,14.4,14.48,13.95,14.27,,211875.0,,raw
2019-05-08,13.84,14.69,13.82,14.16,,249929.0,,raw
2019-05-09,13.91,14.39,13.83,13.95,,199869.0,,raw
2019-05-10,14.22,14.46,13.55,14.4,,276872.0,,raw
2019-05-13,14.07,14.17,13.8,13.83,,186526.0,,raw
2019-05-14,13.6,14.25,13.59,13.96,,218925.0,,raw
2019-05-15,14.2,15.16,14.0,14.78,,384777.0,,raw
2019-05-16,14.57,14.75,14.32,14.46,,221543.0,,raw
2019-05-17,14.36,14.44,13.82,13.82,,227289.0,,raw
2019-05-20,13.82,13.82,12.6,13.29,,223533.0,,raw
2019-05-21,13.28,13.79,13.24,13.57,,166987.0,,raw
2019-05-22,13.54,13.95,13.46,13.6,,162972.0,,raw
2019-05-23,13.45,13.82,13.21,13.52,,128448.0,,raw
2019-05-24,13.5,13.7,13.35,13.49,,118611.0,,raw
2019-05-27,13.53,13.88,13.27,13.78,,143745.0,,raw
2019-05-28,13.71,13.94,13.52,13.58,,163401.0,,raw
2019-05-29,13.58,13.7,13.4,13.43,,112340.0,,raw
2019-05-30,13.35,13.6,13.23,13.36,,122086.0,,raw
2019-05-31,13.23,13.5,12.89,13.01,,191860.0,,raw
2019-06-03,13.05,13.24,12.9,12.93,,130935.0,,raw
2019-06-04,13.0,13.0,12.57,12.84,,122183.0,,raw
2019-06-05,12.98,13.0,12.66,12.68,,119701.0,,raw
2019-06-06,12.24,12.25,11.8,11.84,,148008.0,,raw
2019-06-10,11.94,12.07,11.82,11.99,,154053.0,,raw
2019-06-11,12.12,12.58,12.01,12.52,,143060.0,,raw
2019-06-12,12.43,12.59,11.93,12.05,,240137.0,,raw
2019-06-13,12.0,12.57,11.92,12.48,,185460.0,,raw
2019-06-14,12.63,12.63,12.0,12.03,,163903.0,,raw
2019-06-17,11.94,12.25,11.83,12.04,,120282.0,,raw
2019-06-18,12.06,12.18,11.96,12.01,,71706.0,,raw
2019-06-19,12.31,12.59,12.22,12.27,,151361.0,,raw
2019-06-20,12.23,12.61,12.18,12.44,,167101.0,,raw
2019-06-21,12.54,12.75,12.3,12.58,,170584.0,,raw
2019-06-24,12.6,12.71,12.51,12.61,,98933.0,,raw
2019-06-25,12.65,12.69,12.2,12.3,,124025.0,,raw
2019-06-26,12.3,12.4,12.21,12.31,,65921.0,,raw
2019-06-27,12.32,12.74,12.32,12.73,,161148.0,,raw
2019-06-28,12.64,12.84,12.36,12.46,,99506.0,,raw
2019-07-01,12.75,13.22,12.55,13.06,,221596.0,,raw
2019-07-02,12.93,13.25,12.87,12.95,,192450.0,,raw
2019-07-03,12.9,12.9,12.65,12.72,,101996.0,,raw
2019-07-04,12.7,12.8,12.47,12.58,,77469.0,,raw
2019-07-05,12.6,13.08,12.47,12.93,,155395.0,,raw
2019-07-08,12.86,12.87,12.25,12.33,,132552.0,,raw
2019-07-09,12.3,12.42,12.24,12.32,,86829.0,,raw
2019-07-10,12.35,12.39,11.94,12.02,,85906.0,,raw
2019-07-11,12.09,12.21,11.85,11.98,,72892.0,,raw
2019-07-12,11.97,12.33,11.94,12.07,,78381.0,,raw
2019-07-15,12.1,12.4,11.85,12.31,,118050.0,,raw
2019-07-16,12.3,12.55,12.24,12.46,,89197.0,,raw
2019-07-17,12.45,12.98,12.42,12.75,,153644.0,,raw
2019-07-18,12.65,12.88,12.53,12.63,,120629.0,,raw
2019-07-19,12.71,12.88,12.42,12.48,,99506.0,,raw
2019-07-22,12.55,12.56,12.08,12.1,,97393.0,,raw
2019-07-23,12.1,12.45,12.04,12.45,,98924.0,,raw
2019-07-24,12.53,12.67,12.38,12.5,,76671.0,,raw
2019-07-25,12.57,12.57,12.24,12.32,,69783.0,,raw
2019-07-26,12.33,12.38,12.28,12.33,,53411.0,,raw
2019-07-29,12.3,12.35,12.1,12.2,,58849.0,,raw
2019-07-30,12.2,12.4,12.17,12.3,,63411.0,,raw
