candidate_id,historical_cycle,historical_kind,historical_macro_theme,theme_relation,comparison_point_stage,lifecycle,driver,driver_quality,driver_overlap,evidence_sequence,sequence_subtype,event_structure,structural_status,strict_supported,market_evidence_state,beta_level,peak_state,end_state,result
CC-2026-BCI-MEDTECH,C-2019-AD,campaign,,CROSS_MACRO_THEME,EARLY_SIGNAL,PARTIAL,PARTIAL,PRIMARY_MECHANISM_OVERLAP,POLICY_DRIVEN,NOT_AVAILABLE,NOT_AVAILABLE,MISMATCH,STRUCTURAL_PARTIAL,False,A_SHARE_MARKET,0,EXACT,EXACT,weak
CC-2026-BCI-MEDTECH,C-2020-NEV,campaign,汽车,CROSS_MACRO_THEME,EARLY_SIGNAL,PARTIAL,MISMATCH,NONE,,MISMATCH,SEQUENCE_MISMATCH,MISMATCH,NO_VALID_CORRESPONDENCE,False,A_SHARE_MARKET,0,EXACT,EXACT,positive
CC-2026-BCI-MEDTECH,C-2021-NEV,campaign,汽车,CROSS_MACRO_THEME,EARLY_SIGNAL,PARTIAL,MISMATCH,NONE,,PARTIAL,SET_ONLY,PARTIAL,STRUCTURAL_PARTIAL,False,A_SHARE_MARKET,0,EXACT,EXACT,positive
CC-2026-BCI-MEDTECH,C-2022-POLICY,campaign,汽车,CROSS_MACRO_THEME,THEME_FORMING,MATCH,PARTIAL,PRIMARY_MECHANISM_OVERLAP,POLICY_DRIVEN,PARTIAL,SEQUENCE_PARTIAL,PARTIAL,STRUCTURAL_PARTIAL,False,A_SHARE_MARKET,0,EXACT,EXACT,positive
CC-2026-BCI-MEDTECH,C-2023-AD,campaign,汽车,CROSS_MACRO_THEME,THEME_FORMING,MATCH,MATCH,CORE_EQUIVALENT,POLICY_DRIVEN|TECH_BREAKTHROUGH,PARTIAL,SEQUENCE_PARTIAL,PARTIAL,STRUCTURAL_SUPPORTED,True,A_SHARE_MARKET,0,EXACT,EXACT,positive
CC-2026-BCI-MEDTECH,C-2024-V2X,campaign,汽车,CROSS_MACRO_THEME,THEME_FORMING,MATCH,PERIPHERAL_OVERLAP,PERIPHERAL_ONLY,POLICY_DRIVEN,PARTIAL,SEQUENCE_PARTIAL,MISMATCH,NO_VALID_CORRESPONDENCE,False,A_SHARE_MARKET,0,EXACT,EXACT,positive
CC-2026-BCI-MEDTECH,C-2024-ROBOTAXI,campaign,汽车,CROSS_MACRO_THEME,EARLY_SIGNAL,PARTIAL,MISMATCH,NONE,,NOT_AVAILABLE,NOT_AVAILABLE,MISMATCH,NO_VALID_CORRESPONDENCE,False,A_SHARE_MARKET,0,EXACT,EXACT,positive
CC-2026-BCI-MEDTECH,C-2025-ROBOTAXI,campaign,汽车,CROSS_MACRO_THEME,EARLY_SIGNAL,PARTIAL,MISMATCH,NONE,,MATCH,SEQUENCE_MATCH,PARTIAL,STRUCTURAL_PARTIAL,False,A_SHARE_MARKET,1,EXACT,EXACT,positive
CC-2026-BCI-MEDTECH,C-2016-CONS-BAIJIU-UPGRADE,campaign,消费,CROSS_MACRO_THEME,MAIN_RISE,MISMATCH,MISMATCH,NONE,,PARTIAL,SEQUENCE_PARTIAL,PARTIAL,STRUCTURAL_PARTIAL,False,A_SHARE_MARKET,0,WINDOW,WINDOW,positive
CC-2026-BCI-MEDTECH,C-2018-CONS-HOG-AFRICAN,campaign,消费,CROSS_MACRO_THEME,MAIN_RISE,MISMATCH,MISMATCH,NONE,,PARTIAL,SEQUENCE_PARTIAL,PARTIAL,STRUCTURAL_PARTIAL,False,A_SHARE_MARKET,0,WINDOW,WINDOW,positive
CC-2026-BCI-MEDTECH,C-2019-CONS-BAIJIU-CORE,campaign,消费,CROSS_MACRO_THEME,MAIN_RISE,MISMATCH,MISMATCH,NONE,,PARTIAL,SEQUENCE_PARTIAL,PARTIAL,STRUCTURAL_PARTIAL,False,A_SHARE_MARKET,0,EXACT,WINDOW,positive
CC-2026-BCI-MEDTECH,C-2019-CONS-AESTHETICS,campaign,,CROSS_MACRO_THEME,MAIN_RISE,MISMATCH,MISMATCH,NONE,,NOT_AVAILABLE,NOT_AVAILABLE,MISMATCH,NO_VALID_CORRESPONDENCE,False,A_SHARE_MARKET,0,WINDOW,WINDOW,positive
CC-2026-BCI-MEDTECH,C-2020-CONS-DUTYFREE,campaign,消费,CROSS_MACRO_THEME,MAIN_RISE,MISMATCH,PERIPHERAL_OVERLAP,PERIPHERAL_ONLY,POLICY_DRIVEN,PARTIAL,SEQUENCE_PARTIAL,PARTIAL,NO_VALID_CORRESPONDENCE,False,A_SHARE_MARKET,0,EXACT,WINDOW,positive
CC-2026-BCI-MEDTECH,C-2020-CONS-WHITE-GOODS,campaign,消费,CROSS_MACRO_THEME,MAIN_RISE,MISMATCH,MISMATCH,NONE,,NOT_AVAILABLE,NOT_AVAILABLE,MISMATCH,NO_VALID_CORRESPONDENCE,False,A_SHARE_MARKET,0,WINDOW,WINDOW,positive
CC-2026-BCI-MEDTECH,C-2020-CONS-BEAUTY-CN,campaign,,CROSS_MACRO_THEME,MAIN_RISE,MISMATCH,NOT_AVAILABLE,NOT_AVAILABLE,,NOT_AVAILABLE,NOT_AVAILABLE,MISMATCH,INSUFFICIENT_EVIDENCE,False,A_SHARE_MARKET,0,WINDOW,WINDOW,positive
CC-2026-BCI-MEDTECH,C-2021-CONS-HOG-REVERSAL,campaign,消费,CROSS_MACRO_THEME,MAIN_RISE,MISMATCH,MISMATCH,NONE,,PARTIAL,SEQUENCE_PARTIAL,PARTIAL,STRUCTURAL_PARTIAL,False,A_SHARE_MARKET,0,WINDOW,WINDOW,positive
CC-2026-BCI-MEDTECH,C-2022-CONS-SERVICE-REBOUND,campaign,消费,CROSS_MACRO_THEME,MAIN_RISE,MISMATCH,NOT_AVAILABLE,NOT_AVAILABLE,,PARTIAL,SEQUENCE_PARTIAL,PARTIAL,INSUFFICIENT_EVIDENCE,False,A_SHARE_MARKET,0,WINDOW,WINDOW,positive
CC-2026-BCI-MEDTECH,C-2023-CONS-VALUE-RETAIL,campaign,,CROSS_MACRO_THEME,MAIN_RISE,MISMATCH,PERIPHERAL_OVERLAP,PERIPHERAL_ONLY,TECH_BREAKTHROUGH,NOT_AVAILABLE,NOT_AVAILABLE,MISMATCH,NO_VALID_CORRESPONDENCE,False,A_SHARE_MARKET,0,WINDOW,NULL,positive
CC-2026-BCI-MEDTECH,C-2024-CONS-TRADE-IN,campaign,消费,CROSS_MACRO_THEME,MAIN_RISE,MISMATCH,PERIPHERAL_OVERLAP,PERIPHERAL_ONLY,POLICY_DRIVEN,PARTIAL,SEQUENCE_PARTIAL,PARTIAL,NO_VALID_CORRESPONDENCE,False,A_SHARE_MARKET,0,EXACT,WINDOW,positive
CC-2026-BCI-MEDTECH,C-2019-MIL-GROUP-RESTRUCTURE,campaign,国防军工,CROSS_MACRO_THEME,MAIN_RISE,MISMATCH,PERIPHERAL_OVERLAP,PERIPHERAL_ONLY,POLICY_DRIVEN,MATCH,SEQUENCE_MATCH,PARTIAL,NO_VALID_CORRESPONDENCE,False,INDUSTRY_COMPANY_ONLY,0,NULL,EXACT,positive
CC-2026-BCI-MEDTECH,C-2020-MIL-EQUIP-ORDER,campaign,国防军工,CROSS_MACRO_THEME,MAIN_RISE,MISMATCH,MISMATCH,NONE,,PARTIAL,SEQUENCE_PARTIAL,PARTIAL,STRUCTURAL_PARTIAL,False,A_SHARE_MARKET,0,EXACT,WINDOW,positive
CC-2026-BCI-MEDTECH,C-2020-RE-DEBT-RISK,campaign,房地产,CROSS_MACRO_THEME,DECLINING,MISMATCH,NOT_AVAILABLE,NOT_AVAILABLE,,PARTIAL,SET_ONLY,PARTIAL,INSUFFICIENT_EVIDENCE,False,A_SHARE_MARKET,1,WINDOW,WINDOW,weak
CC-2026-BCI-MEDTECH,C-2020-FIN-BANK-CREDIT,campaign,金融,CROSS_MACRO_THEME,MAIN_RISE,MISMATCH,MISMATCH,NONE,,PARTIAL,SEQUENCE_PARTIAL,PARTIAL,STRUCTURAL_PARTIAL,False,A_SHARE_MARKET,1,EXACT,WINDOW,positive
CC-2026-BCI-MEDTECH,C-2022-RE-POLICY-THREE,campaign,房地产,CROSS_MACRO_THEME,MAIN_RISE,MISMATCH,PERIPHERAL_OVERLAP,PERIPHERAL_ONLY,POLICY_DRIVEN,PARTIAL,SEQUENCE_PARTIAL,MISMATCH,NO_VALID_CORRESPONDENCE,False,A_SHARE_MARKET,1,WINDOW,WINDOW,positive
CC-2026-BCI-MEDTECH,C-2023-FIN-SOE-VALUATION,campaign,金融,CROSS_MACRO_THEME,MAIN_RISE,MISMATCH,MISMATCH,NONE,,PARTIAL,SEQUENCE_PARTIAL,MISMATCH,NO_VALID_CORRESPONDENCE,False,A_SHARE_MARKET,1,WINDOW,WINDOW,positive
CC-2026-BCI-MEDTECH,C-2024-FIN-BROKER-POLICY,campaign,金融,CROSS_MACRO_THEME,MAIN_RISE,MISMATCH,PERIPHERAL_OVERLAP,PERIPHERAL_ONLY,POLICY_DRIVEN,PARTIAL,SEQUENCE_PARTIAL,PARTIAL,NO_VALID_CORRESPONDENCE,False,A_SHARE_MARKET,1,EXACT,WINDOW,positive
CC-2026-BCI-MEDTECH,C-2024-FIN-BANK-DIVIDEND,campaign,金融,CROSS_MACRO_THEME,MAIN_RISE,MISMATCH,MISMATCH,NONE,,NOT_AVAILABLE,NOT_AVAILABLE,MISMATCH,NO_VALID_CORRESPONDENCE,False,A_SHARE_MARKET,1,NULL,NULL,positive
CC-2026-BCI-MEDTECH,C-2025-FIN-INSURANCE,campaign,金融,CROSS_MACRO_THEME,MAIN_RISE,MISMATCH,MISMATCH,NONE,,NOT_AVAILABLE,NOT_AVAILABLE,MISMATCH,NO_VALID_CORRESPONDENCE,False,A_SHARE_MARKET,1,NULL,NULL,positive
CC-2026-BCI-MEDTECH,C-2016-HIEQ-CONSTR,campaign,高端装备,CROSS_MACRO_THEME,MAIN_RISE,MISMATCH,MISMATCH,NONE,,PARTIAL,SET_ONLY,PARTIAL,STRUCTURAL_PARTIAL,False,A_SHARE_MARKET,0,WINDOW,WINDOW,positive
CC-2026-BCI-MEDTECH,C-2018-HIEQ-ROBOT-DOWN,campaign,高端装备,CROSS_MACRO_THEME,SECONDARY,MISMATCH,MISMATCH,NONE,,MISMATCH,SEQUENCE_MISMATCH,MISMATCH,NO_VALID_CORRESPONDENCE,False,INDUSTRY_COMPANY_ONLY,0,WINDOW,EXACT,weak
CC-2026-BCI-MEDTECH,C-2020-HIEQ-AUTOMATION,campaign,高端装备,CROSS_MACRO_THEME,MAIN_RISE,MISMATCH,PERIPHERAL_OVERLAP,PERIPHERAL_ONLY,TECH_BREAKTHROUGH,PARTIAL,SEQUENCE_PARTIAL,PARTIAL,NO_VALID_CORRESPONDENCE,False,A_SHARE_MARKET,0,WINDOW,WINDOW,positive
CC-2026-BCI-MEDTECH,C-2023-HIEQ-ROBOT-PLUS,campaign,高端装备,CROSS_MACRO_THEME,MAIN_RISE,MISMATCH,PERIPHERAL_OVERLAP,PERIPHERAL_ONLY,POLICY_DRIVEN,PARTIAL,SEQUENCE_PARTIAL,PARTIAL,NO_VALID_CORRESPONDENCE,False,A_SHARE_MARKET,1,WINDOW,NULL,positive
CC-2026-BCI-MEDTECH,C-2023-HIEQ-HUMANOID,campaign,高端装备,CROSS_MACRO_THEME,MAIN_RISE,MISMATCH,PERIPHERAL_OVERLAP,PERIPHERAL_ONLY,TECH_BREAKTHROUGH,PARTIAL,SEQUENCE_PARTIAL,PARTIAL,NO_VALID_CORRESPONDENCE,False,A_SHARE_MARKET,0,WINDOW,WINDOW,positive
CC-2026-BCI-MEDTECH,C-2019-COMM-5G,campaign,信息通信,CROSS_MACRO_THEME,THEME_FORMING,MATCH,PARTIAL,PRIMARY_MECHANISM_OVERLAP,POLICY_DRIVEN,PARTIAL,SEQUENCE_PARTIAL,MISMATCH,STRUCTURAL_PARTIAL,False,A_SHARE_MARKET,0,WINDOW,EXACT,positive
CC-2026-BCI-MEDTECH,C-2023-COMM-OPTICAL,campaign,信息通信,CROSS_MACRO_THEME,THEME_FORMING,MATCH,PERIPHERAL_OVERLAP,PERIPHERAL_ONLY,TECH_BREAKTHROUGH,PARTIAL,SEQUENCE_PARTIAL,PARTIAL,NO_VALID_CORRESPONDENCE,False,A_SHARE_MARKET,0,EXACT,EXACT,positive
CC-2026-BCI-MEDTECH,C-2019-PHARMA-INNOV,campaign,医药健康,SAME_MACRO_THEME,THEME_FORMING,MATCH,MISMATCH,NONE,,PARTIAL,SEQUENCE_PARTIAL,MISMATCH,STRUCTURAL_PARTIAL,False,A_SHARE_MARKET,0,WINDOW,EXACT,positive
CC-2026-BCI-MEDTECH,C-2020-POWER-NE,campaign,电力设备,CROSS_MACRO_THEME,THEME_FORMING,MATCH,PARTIAL,PRIMARY_MECHANISM_OVERLAP,POLICY_DRIVEN,PARTIAL,SEQUENCE_PARTIAL,MISMATCH,STRUCTURAL_PARTIAL,False,A_SHARE_MARKET,0,WINDOW,EXACT,positive
CC-2026-BCI-MEDTECH,C-2022-POWER-GRID,campaign,电力设备,CROSS_MACRO_THEME,THEME_FORMING,MATCH,PERIPHERAL_OVERLAP,PERIPHERAL_ONLY,POLICY_DRIVEN,PARTIAL,SEQUENCE_PARTIAL,PARTIAL,NO_VALID_CORRESPONDENCE,False,A_SHARE_MARKET,0,WINDOW,EXACT,positive
CC-2026-BCI-MEDTECH,C-2019-RES-DYE-SHOCK,campaign,资源,CROSS_MACRO_THEME,MAIN_RISE,MISMATCH,NOT_AVAILABLE,NOT_AVAILABLE,,PARTIAL,SEQUENCE_PARTIAL,PARTIAL,INSUFFICIENT_EVIDENCE,False,A_SHARE_MARKET,0,WINDOW,WINDOW,positive
CC-2026-BCI-MEDTECH,C-2020-RES-NONFERROUS,campaign,资源,CROSS_MACRO_THEME,MAIN_RISE,MISMATCH,MISMATCH,NONE,,NOT_AVAILABLE,NOT_AVAILABLE,MISMATCH,NO_VALID_CORRESPONDENCE,False,A_SHARE_MARKET,0,EXACT,WINDOW,positive
CC-2026-BCI-MEDTECH,C-2020-RES-LITHIUM,campaign,资源,CROSS_MACRO_THEME,MAIN_RISE,MISMATCH,MISMATCH,NONE,,MISMATCH,SEQUENCE_MISMATCH,MISMATCH,NO_VALID_CORRESPONDENCE,False,A_SHARE_MARKET,0,EXACT,WINDOW,positive
CC-2026-BCI-MEDTECH,C-2020-RES-RAREEARTH,campaign,资源,CROSS_MACRO_THEME,MAIN_RISE,MISMATCH,PERIPHERAL_OVERLAP,PERIPHERAL_ONLY,POLICY_DRIVEN,MISMATCH,SEQUENCE_MISMATCH,MISMATCH,NO_VALID_CORRESPONDENCE,False,INDUSTRY_COMPANY_ONLY,0,WINDOW,WINDOW,positive
CC-2026-BCI-MEDTECH,C-2021-RES-CHEM-DUALCTRL,campaign,资源,CROSS_MACRO_THEME,MAIN_RISE,MISMATCH,PERIPHERAL_OVERLAP,PERIPHERAL_ONLY,POLICY_DRIVEN,PARTIAL,SEQUENCE_PARTIAL,PARTIAL,NO_VALID_CORRESPONDENCE,False,A_SHARE_MARKET,0,WINDOW,WINDOW,positive
CC-2026-BCI-MEDTECH,C-2024-RES-GOLD-CB,campaign,资源,CROSS_MACRO_THEME,MAIN_RISE,MISMATCH,MISMATCH,NONE,,PARTIAL,SEQUENCE_PARTIAL,MISMATCH,NO_VALID_CORRESPONDENCE,False,A_SHARE_MARKET,0,NULL,NULL,positive
CC-2026-BCI-MEDTECH,C-2016-PANEL-CYCLE,campaign,电子,CROSS_MACRO_THEME,MAIN_RISE,MISMATCH,MISMATCH,NONE,,NOT_AVAILABLE,NOT_AVAILABLE,NOT_AVAILABLE,INSUFFICIENT_EVIDENCE,False,INDUSTRY_COMPANY_ONLY,0,WINDOW,WINDOW,positive
CC-2026-BCI-MEDTECH,C-2019-SEMI-LOCALIZATION,campaign,电子,CROSS_MACRO_THEME,MAIN_RISE,MISMATCH,MISMATCH,NONE,,PARTIAL,SEQUENCE_PARTIAL,PARTIAL,STRUCTURAL_PARTIAL,False,A_SHARE_MARKET,0,EXACT,WINDOW,positive
CC-2026-BCI-MEDTECH,C-2019-CONSUMER-TWS,campaign,,CROSS_MACRO_THEME,MAIN_RISE,MISMATCH,MISMATCH,NONE,,PARTIAL,SEQUENCE_PARTIAL,MISMATCH,NO_VALID_CORRESPONDENCE,False,A_SHARE_MARKET,0,EXACT,WINDOW,positive
CC-2026-BCI-MEDTECH,C-2020-SEMI-EQUIPMENT,campaign,电子,CROSS_MACRO_THEME,MAIN_RISE,MISMATCH,MISMATCH,NONE,,PARTIAL,SEQUENCE_PARTIAL,PARTIAL,STRUCTURAL_PARTIAL,False,A_SHARE_MARKET,0,EXACT,WINDOW,positive
CC-2026-BCI-MEDTECH,C-2020-PANEL-CYCLE,campaign,电子,CROSS_MACRO_THEME,MAIN_RISE,MISMATCH,MISMATCH,NONE,,MISMATCH,SEQUENCE_MISMATCH,MISMATCH,NO_VALID_CORRESPONDENCE,False,A_SHARE_MARKET,0,WINDOW,WINDOW,positive
CC-2026-BCI-MEDTECH,C-2022-SEMI-DOWNTURN,campaign,电子,CROSS_MACRO_THEME,SECONDARY,MISMATCH,MISMATCH,NONE,,NOT_AVAILABLE,NOT_AVAILABLE,MISMATCH,NO_VALID_CORRESPONDENCE,False,A_SHARE_MARKET,0,WINDOW,EXACT,weak
CC-2026-BCI-MEDTECH,C-2023-AI-COMPUTE-SEMI,campaign,电子,CROSS_MACRO_THEME,MAIN_RISE,MISMATCH,MISMATCH,NONE,,NOT_AVAILABLE,NOT_AVAILABLE,MISMATCH,NO_VALID_CORRESPONDENCE,False,A_SHARE_MARKET,0,EXACT,WINDOW,positive
CC-2026-BCI-MEDTECH,C-2024-SEMI-MEMORY,campaign,电子,CROSS_MACRO_THEME,MAIN_RISE,MISMATCH,PERIPHERAL_OVERLAP,PERIPHERAL_ONLY,POLICY_DRIVEN,NOT_AVAILABLE,NOT_AVAILABLE,MISMATCH,NO_VALID_CORRESPONDENCE,False,A_SHARE_MARKET,0,EXACT,NULL,positive
CC-2026-BCI-MEDTECH,RC-2023-HUAWEI,campaign,,CROSS_MACRO_THEME,THEME_FORMING,MATCH,PERIPHERAL_OVERLAP,PERIPHERAL_ONLY,TECH_BREAKTHROUGH,NOT_AVAILABLE,NOT_AVAILABLE,MISMATCH,NO_VALID_CORRESPONDENCE,False,,,,,
CC-2026-BCI-MEDTECH,RC-2024-SECONDARY,campaign,,CROSS_MACRO_THEME,EARLY_SIGNAL,PARTIAL,NOT_AVAILABLE,NOT_AVAILABLE,,NOT_AVAILABLE,NOT_AVAILABLE,NOT_AVAILABLE,INSUFFICIENT_EVIDENCE,False,,,,,
CC-2026-BCI-MEDTECH,RC-2020-PANDEMIC,campaign,,CROSS_MACRO_THEME,EARLY_SIGNAL,PARTIAL,MISMATCH,NONE,,NOT_AVAILABLE,NOT_AVAILABLE,MISMATCH,NO_VALID_CORRESPONDENCE,False,,,,,
CC-2026-BCI-MEDTECH,RC-2021-TCM,campaign,,CROSS_MACRO_THEME,THEME_FORMING,MATCH,PARTIAL,PRIMARY_MECHANISM_OVERLAP,POLICY_DRIVEN,NOT_AVAILABLE,NOT_AVAILABLE,MISMATCH,STRUCTURAL_PARTIAL,False,,,,,
CC-2026-BCI-MEDTECH,RC-2020-CONS-SMALL-APPLIANCE,campaign,消费,CROSS_MACRO_THEME,,COMPARISON_POINT_UNKNOWN,NOT_AVAILABLE,NOT_AVAILABLE,,NOT_AVAILABLE,NOT_AVAILABLE,NOT_AVAILABLE,INSUFFICIENT_EVIDENCE,False,,,,,
CC-2026-BCI-MEDTECH,RC-2024-CONS-PET-FOOD,campaign,消费,CROSS_MACRO_THEME,,COMPARISON_POINT_UNKNOWN,NOT_AVAILABLE,NOT_AVAILABLE,,NOT_AVAILABLE,NOT_AVAILABLE,NOT_AVAILABLE,INSUFFICIENT_EVIDENCE,False,,,,,
CC-2026-BCI-MEDTECH,RC-2020-RES-GOLD-RATES,campaign,资源,CROSS_MACRO_THEME,,COMPARISON_POINT_UNKNOWN,NOT_AVAILABLE,NOT_AVAILABLE,,NOT_AVAILABLE,NOT_AVAILABLE,NOT_AVAILABLE,INSUFFICIENT_EVIDENCE,False,,,,,
CC-2026-BCI-MEDTECH,RC-2022-RES-FERTILIZER,campaign,资源,CROSS_MACRO_THEME,,COMPARISON_POINT_UNKNOWN,NOT_AVAILABLE,NOT_AVAILABLE,,NOT_AVAILABLE,NOT_AVAILABLE,NOT_AVAILABLE,INSUFFICIENT_EVIDENCE,False,,,,,
CC-2026-BCI-MEDTECH,RC-2025-RES-COPPER,campaign,资源,CROSS_MACRO_THEME,,COMPARISON_POINT_UNKNOWN,NOT_AVAILABLE,NOT_AVAILABLE,,NOT_AVAILABLE,NOT_AVAILABLE,NOT_AVAILABLE,INSUFFICIENT_EVIDENCE,False,,,,,
CC-2026-BCI-MEDTECH,RC-2017-RES-ALUMINUM,campaign,资源,CROSS_MACRO_THEME,,COMPARISON_POINT_UNKNOWN,NOT_AVAILABLE,NOT_AVAILABLE,,NOT_AVAILABLE,NOT_AVAILABLE,NOT_AVAILABLE,INSUFFICIENT_EVIDENCE,False,,,,,
CC-2026-BCI-MEDTECH,RC-2016-RES-CHEM-ENV,campaign,资源,CROSS_MACRO_THEME,,COMPARISON_POINT_UNKNOWN,NOT_AVAILABLE,NOT_AVAILABLE,,NOT_AVAILABLE,NOT_AVAILABLE,NOT_AVAILABLE,INSUFFICIENT_EVIDENCE,False,,,,,
CC-2026-BCI-MEDTECH,RC-2022-SEMI-CHIPSHORTAGE,campaign,电子,CROSS_MACRO_THEME,,COMPARISON_POINT_UNKNOWN,NOT_AVAILABLE,NOT_AVAILABLE,,NOT_AVAILABLE,NOT_AVAILABLE,NOT_AVAILABLE,INSUFFICIENT_EVIDENCE,False,,,,,
CC-2026-BCI-MEDTECH,RC-2024-SEMI-FUND3,campaign,电子,CROSS_MACRO_THEME,,COMPARISON_POINT_UNKNOWN,NOT_AVAILABLE,NOT_AVAILABLE,,NOT_AVAILABLE,NOT_AVAILABLE,NOT_AVAILABLE,INSUFFICIENT_EVIDENCE,False,,,,,
CC-2026-BCI-MEDTECH,RC-2015-SEMI-LEVERAGE,campaign,电子,CROSS_MACRO_THEME,,COMPARISON_POINT_UNKNOWN,NOT_AVAILABLE,NOT_AVAILABLE,,NOT_AVAILABLE,NOT_AVAILABLE,NOT_AVAILABLE,INSUFFICIENT_EVIDENCE,False,,,,,
CC-2026-BCI-MEDTECH,RC-2017-GPU-MINING,campaign,电子,CROSS_MACRO_THEME,,COMPARISON_POINT_UNKNOWN,NOT_AVAILABLE,NOT_AVAILABLE,,NOT_AVAILABLE,NOT_AVAILABLE,NOT_AVAILABLE,INSUFFICIENT_EVIDENCE,False,,,,,
CC-2026-BCI-MEDTECH,RC-2024-HIEQ-EQUIP-UPDATE,campaign,,CROSS_MACRO_THEME,MAIN_RISE,MISMATCH,NOT_AVAILABLE,NOT_AVAILABLE,,PARTIAL,SEQUENCE_PARTIAL,MISMATCH,INSUFFICIENT_EVIDENCE,False,,,,,
CC-2026-BCI-MEDTECH,RC-2024-HIEQ-HUMANOID-MASS,campaign,高端装备,CROSS_MACRO_THEME,MAIN_RISE,MISMATCH,NOT_AVAILABLE,NOT_AVAILABLE,,MISMATCH,SEQUENCE_MISMATCH,MISMATCH,INSUFFICIENT_EVIDENCE,False,,,,,
CC-2026-BCI-MEDTECH,RC-2024-RE-POLICY-517,campaign,房地产,CROSS_MACRO_THEME,,COMPARISON_POINT_UNKNOWN,NOT_AVAILABLE,NOT_AVAILABLE,,NOT_AVAILABLE,NOT_AVAILABLE,NOT_AVAILABLE,INSUFFICIENT_EVIDENCE,False,,,,,
CC-2026-BCI-MEDTECH,RC-2019-RE-EASING,campaign,房地产,CROSS_MACRO_THEME,,COMPARISON_POINT_UNKNOWN,NOT_AVAILABLE,NOT_AVAILABLE,,NOT_AVAILABLE,NOT_AVAILABLE,NOT_AVAILABLE,INSUFFICIENT_EVIDENCE,False,,,,,
CC-2026-BCI-MEDTECH,RC-2020-FIN-BROKER-VOLUME,campaign,金融,CROSS_MACRO_THEME,,COMPARISON_POINT_UNKNOWN,NOT_AVAILABLE,NOT_AVAILABLE,,NOT_AVAILABLE,NOT_AVAILABLE,NOT_AVAILABLE,INSUFFICIENT_EVIDENCE,False,,,,,
CC-2026-BCI-MEDTECH,RC-2016-RE-SHANTY,campaign,房地产,CROSS_MACRO_THEME,,COMPARISON_POINT_UNKNOWN,NOT_AVAILABLE,NOT_AVAILABLE,,NOT_AVAILABLE,NOT_AVAILABLE,NOT_AVAILABLE,INSUFFICIENT_EVIDENCE,False,,,,,
CC-2026-BCI-MEDTECH,RC-2015-FIN-LEVERAGE,campaign,,CROSS_MACRO_THEME,,COMPARISON_POINT_UNKNOWN,NOT_AVAILABLE,NOT_AVAILABLE,,NOT_AVAILABLE,NOT_AVAILABLE,NOT_AVAILABLE,INSUFFICIENT_EVIDENCE,False,,,,,
CC-2026-BCI-MEDTECH,RC-2019-MIL-PARADE-70,campaign,国防军工,CROSS_MACRO_THEME,MAIN_RISE,MISMATCH,NOT_AVAILABLE,NOT_AVAILABLE,,NOT_AVAILABLE,NOT_AVAILABLE,NOT_AVAILABLE,INSUFFICIENT_EVIDENCE,False,,,,,
CC-2026-BCI-MEDTECH,RC-2025-MIL-PARADE-80,campaign,国防军工,CROSS_MACRO_THEME,MAIN_RISE,MISMATCH,MISMATCH,NONE,,NOT_AVAILABLE,NOT_AVAILABLE,NOT_AVAILABLE,INSUFFICIENT_EVIDENCE,False,,,,,
CC-2026-BCI-MEDTECH,RC-2017-MIL-MIXED-REFORM,campaign,,CROSS_MACRO_THEME,MAIN_RISE,MISMATCH,PERIPHERAL_OVERLAP,PERIPHERAL_ONLY,POLICY_DRIVEN,NOT_AVAILABLE,NOT_AVAILABLE,NOT_AVAILABLE,INSUFFICIENT_EVIDENCE,False,,,,,
CC-2026-BCI-MEDTECH,RC-2015-MIL-REFORM-BULL,campaign,国防军工,CROSS_MACRO_THEME,DECLINING,MISMATCH,MISMATCH,NONE,,NOT_AVAILABLE,NOT_AVAILABLE,NOT_AVAILABLE,INSUFFICIENT_EVIDENCE,False,,,,,
CC-2026-BCI-MEDTECH,RC-2024-MIL-COMMERCIAL-SPACE,campaign,航天装备,CROSS_MACRO_THEME,MAIN_RISE,MISMATCH,PARTIAL,SET_EQUAL_NO_PROVENANCE,POLICY_DRIVEN|TECH_BREAKTHROUGH,NOT_AVAILABLE,NOT_AVAILABLE,NOT_AVAILABLE,INSUFFICIENT_EVIDENCE,False,,,,,
CC-2026-COMPUTE-POWER,C-2019-AD,campaign,,CROSS_MACRO_THEME,MAIN_RISE,PARTIAL,PARTIAL,PRIMARY_MECHANISM_OVERLAP,POLICY_DRIVEN,NOT_AVAILABLE,NOT_AVAILABLE,MISMATCH,STRUCTURAL_PARTIAL,False,A_SHARE_MARKET,0,EXACT,EXACT,weak
CC-2026-COMPUTE-POWER,C-2020-NEV,campaign,汽车,CROSS_MACRO_THEME,MAIN_RISE,PARTIAL,PERIPHERAL_OVERLAP,PERIPHERAL_ONLY,INDUSTRY_UPGRADE,MISMATCH,SEQUENCE_MISMATCH,MISMATCH,NO_VALID_CORRESPONDENCE,False,A_SHARE_MARKET,0,EXACT,EXACT,positive
CC-2026-COMPUTE-POWER,C-2021-NEV,campaign,汽车,CROSS_MACRO_THEME,MAIN_RISE,PARTIAL,MISMATCH,NONE,,MISMATCH,SEQUENCE_MISMATCH,MISMATCH,NO_VALID_CORRESPONDENCE,False,A_SHARE_MARKET,0,EXACT,EXACT,positive
CC-2026-COMPUTE-POWER,C-2022-POLICY,campaign,汽车,CROSS_MACRO_THEME,BROAD_CONFIRMATION,MATCH,PARTIAL,PRIMARY_MECHANISM_OVERLAP,POLICY_DRIVEN,PARTIAL,SEQUENCE_PARTIAL,PARTIAL,STRUCTURAL_PARTIAL,False,A_SHARE_MARKET,0,EXACT,EXACT,positive
CC-2026-COMPUTE-POWER,C-2023-AD,campaign,汽车,CROSS_MACRO_THEME,BROAD_CONFIRMATION,MATCH,PARTIAL,PRIMARY_MECHANISM_OVERLAP,POLICY_DRIVEN,PARTIAL,SEQUENCE_PARTIAL,MISMATCH,STRUCTURAL_PARTIAL,False,A_SHARE_MARKET,0,EXACT,EXACT,positive
CC-2026-COMPUTE-POWER,C-2024-V2X,campaign,汽车,CROSS_MACRO_THEME,THEME_FORMING,PARTIAL,PERIPHERAL_OVERLAP,PERIPHERAL_ONLY,POLICY_DRIVEN,PARTIAL,SEQUENCE_PARTIAL,MISMATCH,NO_VALID_CORRESPONDENCE,False,A_SHARE_MARKET,0,EXACT,EXACT,positive
CC-2026-COMPUTE-POWER,C-2024-ROBOTAXI,campaign,汽车,CROSS_MACRO_THEME,BROAD_CONFIRMATION,MATCH,MISMATCH,NONE,,NOT_AVAILABLE,NOT_AVAILABLE,MISMATCH,NO_VALID_CORRESPONDENCE,False,A_SHARE_MARKET,0,EXACT,EXACT,positive
CC-2026-COMPUTE-POWER,C-2025-ROBOTAXI,campaign,汽车,CROSS_MACRO_THEME,BROAD_CONFIRMATION,MATCH,PARTIAL,MULTI_MECHANISM,DEMAND_SURGE|INDUSTRY_UPGRADE,MISMATCH,SEQUENCE_MISMATCH,MISMATCH,STRUCTURAL_PARTIAL,False,A_SHARE_MARKET,1,EXACT,EXACT,positive
CC-2026-COMPUTE-POWER,C-2016-CONS-BAIJIU-UPGRADE,campaign,消费,CROSS_MACRO_THEME,MAIN_RISE,PARTIAL,PERIPHERAL_OVERLAP,PERIPHERAL_ONLY,DEMAND_SURGE,PARTIAL,SEQUENCE_PARTIAL,PARTIAL,NO_VALID_CORRESPONDENCE,False,A_SHARE_MARKET,0,WINDOW,WINDOW,positive
CC-2026-COMPUTE-POWER,C-2018-CONS-HOG-AFRICAN,campaign,消费,CROSS_MACRO_THEME,MAIN_RISE,PARTIAL,MISMATCH,NONE,,MATCH,SEQUENCE_MATCH,PARTIAL,STRUCTURAL_PARTIAL,False,A_SHARE_MARKET,0,WINDOW,WINDOW,positive
CC-2026-COMPUTE-POWER,C-2019-CONS-BAIJIU-CORE,campaign,消费,CROSS_MACRO_THEME,MAIN_RISE,PARTIAL,PERIPHERAL_OVERLAP,PERIPHERAL_ONLY,DEMAND_SURGE,PARTIAL,SEQUENCE_PARTIAL,PARTIAL,NO_VALID_CORRESPONDENCE,False,A_SHARE_MARKET,0,EXACT,WINDOW,positive
CC-2026-COMPUTE-POWER,C-2019-CONS-AESTHETICS,campaign,,CROSS_MACRO_THEME,MAIN_RISE,PARTIAL,PERIPHERAL_OVERLAP,PERIPHERAL_ONLY,INDUSTRY_UPGRADE,NOT_AVAILABLE,NOT_AVAILABLE,MISMATCH,NO_VALID_CORRESPONDENCE,False,A_SHARE_MARKET,0,WINDOW,WINDOW,positive
CC-2026-COMPUTE-POWER,C-2020-CONS-DUTYFREE,campaign,消费,CROSS_MACRO_THEME,MAIN_RISE,PARTIAL,PARTIAL,MULTI_MECHANISM,DEMAND_SURGE|POLICY_DRIVEN,PARTIAL,SEQUENCE_PARTIAL,PARTIAL,STRUCTURAL_PARTIAL,False,A_SHARE_MARKET,0,EXACT,WINDOW,positive
CC-2026-COMPUTE-POWER,C-2020-CONS-WHITE-GOODS,campaign,消费,CROSS_MACRO_THEME,MAIN_RISE,PARTIAL,PERIPHERAL_OVERLAP,PERIPHERAL_ONLY,DEMAND_SURGE,NOT_AVAILABLE,NOT_AVAILABLE,MISMATCH,NO_VALID_CORRESPONDENCE,False,A_SHARE_MARKET,0,WINDOW,WINDOW,positive
CC-2026-COMPUTE-POWER,C-2020-CONS-BEAUTY-CN,campaign,,CROSS_MACRO_THEME,MAIN_RISE,PARTIAL,NOT_AVAILABLE,NOT_AVAILABLE,,NOT_AVAILABLE,NOT_AVAILABLE,MISMATCH,INSUFFICIENT_EVIDENCE,False,A_SHARE_MARKET,0,WINDOW,WINDOW,positive
CC-2026-COMPUTE-POWER,C-2021-CONS-HOG-REVERSAL,campaign,消费,CROSS_MACRO_THEME,MAIN_RISE,PARTIAL,MISMATCH,NONE,,MATCH,SEQUENCE_MATCH,PARTIAL,STRUCTURAL_PARTIAL,False,A_SHARE_MARKET,0,WINDOW,WINDOW,positive
CC-2026-COMPUTE-POWER,C-2022-CONS-SERVICE-REBOUND,campaign,消费,CROSS_MACRO_THEME,MAIN_RISE,PARTIAL,NOT_AVAILABLE,NOT_AVAILABLE,,PARTIAL,SEQUENCE_PARTIAL,PARTIAL,INSUFFICIENT_EVIDENCE,False,A_SHARE_MARKET,0,WINDOW,WINDOW,positive
CC-2026-COMPUTE-POWER,C-2023-CONS-VALUE-RETAIL,campaign,,CROSS_MACRO_THEME,MAIN_RISE,PARTIAL,PERIPHERAL_OVERLAP,PERIPHERAL_ONLY,DEMAND_SURGE,NOT_AVAILABLE,NOT_AVAILABLE,MISMATCH,NO_VALID_CORRESPONDENCE,False,A_SHARE_MARKET,0,WINDOW,NULL,positive
CC-2026-COMPUTE-POWER,C-2024-CONS-TRADE-IN,campaign,消费,CROSS_MACRO_THEME,MAIN_RISE,PARTIAL,PARTIAL,MULTI_MECHANISM,DEMAND_SURGE|POLICY_DRIVEN,PARTIAL,SEQUENCE_PARTIAL,PARTIAL,STRUCTURAL_PARTIAL,False,A_SHARE_MARKET,0,EXACT,WINDOW,positive
CC-2026-COMPUTE-POWER,C-2019-MIL-GROUP-RESTRUCTURE,campaign,国防军工,CROSS_MACRO_THEME,MAIN_RISE,PARTIAL,PERIPHERAL_OVERLAP,PERIPHERAL_ONLY,POLICY_DRIVEN,MISMATCH,SEQUENCE_MISMATCH,MISMATCH,NO_VALID_CORRESPONDENCE,False,INDUSTRY_COMPANY_ONLY,0,NULL,EXACT,positive
CC-2026-COMPUTE-POWER,C-2020-MIL-EQUIP-ORDER,campaign,国防军工,CROSS_MACRO_THEME,MAIN_RISE,PARTIAL,PARTIAL,PRIMARY_MECHANISM_OVERLAP,DEMAND_SURGE,PARTIAL,SEQUENCE_PARTIAL,PARTIAL,STRUCTURAL_PARTIAL,False,A_SHARE_MARKET,0,EXACT,WINDOW,positive
CC-2026-COMPUTE-POWER,C-2020-RE-DEBT-RISK,campaign,房地产,CROSS_MACRO_THEME,DECLINING,MISMATCH,NOT_AVAILABLE,NOT_AVAILABLE,,MISMATCH,SEQUENCE_MISMATCH,MISMATCH,INSUFFICIENT_EVIDENCE,False,A_SHARE_MARKET,1,WINDOW,WINDOW,weak
CC-2026-COMPUTE-POWER,C-2020-FIN-BANK-CREDIT,campaign,金融,CROSS_MACRO_THEME,MAIN_RISE,PARTIAL,MISMATCH,NONE,,PARTIAL,SET_ONLY,PARTIAL,STRUCTURAL_PARTIAL,False,A_SHARE_MARKET,1,EXACT,WINDOW,positive
CC-2026-COMPUTE-POWER,C-2022-RE-POLICY-THREE,campaign,房地产,CROSS_MACRO_THEME,MAIN_RISE,PARTIAL,PERIPHERAL_OVERLAP,PERIPHERAL_ONLY,POLICY_DRIVEN,PARTIAL,SEQUENCE_PARTIAL,MISMATCH,NO_VALID_CORRESPONDENCE,False,A_SHARE_MARKET,1,WINDOW,WINDOW,positive
CC-2026-COMPUTE-POWER,C-2023-FIN-SOE-VALUATION,campaign,金融,CROSS_MACRO_THEME,MAIN_RISE,PARTIAL,MISMATCH,NONE,,PARTIAL,SEQUENCE_PARTIAL,MISMATCH,STRUCTURAL_PARTIAL,False,A_SHARE_MARKET,1,WINDOW,WINDOW,positive
CC-2026-COMPUTE-POWER,C-2024-FIN-BROKER-POLICY,campaign,金融,CROSS_MACRO_THEME,MAIN_RISE,PARTIAL,PERIPHERAL_OVERLAP,PERIPHERAL_ONLY,POLICY_DRIVEN,PARTIAL,SEQUENCE_PARTIAL,PARTIAL,NO_VALID_CORRESPONDENCE,False,A_SHARE_MARKET,1,EXACT,WINDOW,positive
CC-2026-COMPUTE-POWER,C-2024-FIN-BANK-DIVIDEND,campaign,金融,CROSS_MACRO_THEME,MAIN_RISE,PARTIAL,MISMATCH,NONE,,NOT_AVAILABLE,NOT_AVAILABLE,MISMATCH,NO_VALID_CORRESPONDENCE,False,A_SHARE_MARKET,1,NULL,NULL,positive
CC-2026-COMPUTE-POWER,C-2025-FIN-INSURANCE,campaign,金融,CROSS_MACRO_THEME,MAIN_RISE,PARTIAL,MISMATCH,NONE,,NOT_AVAILABLE,NOT_AVAILABLE,MISMATCH,NO_VALID_CORRESPONDENCE,False,A_SHARE_MARKET,1,NULL,NULL,positive
CC-2026-COMPUTE-POWER,C-2016-HIEQ-CONSTR,campaign,高端装备,CROSS_MACRO_THEME,MAIN_RISE,PARTIAL,PARTIAL,MULTI_MECHANISM,DEMAND_SURGE|INDUSTRY_UPGRADE,MATCH,SEQUENCE_MATCH,MISMATCH,STRUCTURAL_PARTIAL,False,A_SHARE_MARKET,0,WINDOW,WINDOW,positive
CC-2026-COMPUTE-POWER,C-2018-HIEQ-ROBOT-DOWN,campaign,高端装备,CROSS_MACRO_THEME,SECONDARY,MISMATCH,PERIPHERAL_OVERLAP,PERIPHERAL_ONLY,DEMAND_SURGE,MATCH,SEQUENCE_MATCH,MISMATCH,NO_VALID_CORRESPONDENCE,False,INDUSTRY_COMPANY_ONLY,0,WINDOW,EXACT,weak
CC-2026-COMPUTE-POWER,C-2020-HIEQ-AUTOMATION,campaign,高端装备,CROSS_MACRO_THEME,MAIN_RISE,PARTIAL,MISMATCH,NONE,,MATCH,SEQUENCE_MATCH,PARTIAL,STRUCTURAL_PARTIAL,False,A_SHARE_MARKET,0,WINDOW,WINDOW,positive
CC-2026-COMPUTE-POWER,C-2023-HIEQ-ROBOT-PLUS,campaign,高端装备,CROSS_MACRO_THEME,MAIN_RISE,PARTIAL,PARTIAL,MULTI_MECHANISM,DEMAND_SURGE|POLICY_DRIVEN,PARTIAL,SEQUENCE_PARTIAL,PARTIAL,STRUCTURAL_PARTIAL,False,A_SHARE_MARKET,1,WINDOW,NULL,positive
CC-2026-COMPUTE-POWER,C-2023-HIEQ-HUMANOID,campaign,高端装备,CROSS_MACRO_THEME,MAIN_RISE,PARTIAL,PERIPHERAL_OVERLAP,PERIPHERAL_ONLY,INDUSTRY_UPGRADE,MATCH,SEQUENCE_MATCH,PARTIAL,NO_VALID_CORRESPONDENCE,False,A_SHARE_MARKET,0,WINDOW,WINDOW,positive
CC-2026-COMPUTE-POWER,C-2019-COMM-5G,campaign,信息通信,CROSS_MACRO_THEME,BROAD_CONFIRMATION,MATCH,PARTIAL,PRIMARY_MECHANISM_OVERLAP,POLICY_DRIVEN,PARTIAL,SEQUENCE_PARTIAL,MISMATCH,STRUCTURAL_PARTIAL,False,A_SHARE_MARKET,0,WINDOW,EXACT,positive
CC-2026-COMPUTE-POWER,C-2023-COMM-OPTICAL,campaign,信息通信,CROSS_MACRO_THEME,BROAD_CONFIRMATION,MATCH,PARTIAL,PRIMARY_MECHANISM_OVERLAP,DEMAND_SURGE,PARTIAL,SEQUENCE_PARTIAL,PARTIAL,STRUCTURAL_PARTIAL,False,A_SHARE_MARKET,0,EXACT,EXACT,positive
CC-2026-COMPUTE-POWER,C-2019-PHARMA-INNOV,campaign,医药健康,CROSS_MACRO_THEME,BROAD_CONFIRMATION,MATCH,PERIPHERAL_OVERLAP,PERIPHERAL_ONLY,DEMAND_SURGE,PARTIAL,SEQUENCE_PARTIAL,MISMATCH,NO_VALID_CORRESPONDENCE,False,A_SHARE_MARKET,0,WINDOW,EXACT,positive
CC-2026-COMPUTE-POWER,C-2020-POWER-NE,campaign,电力设备,SAME_MACRO_THEME,BROAD_CONFIRMATION,MATCH,PARTIAL,PRIMARY_MECHANISM_OVERLAP,POLICY_DRIVEN,PARTIAL,SEQUENCE_PARTIAL,MISMATCH,STRUCTURAL_PARTIAL,False,A_SHARE_MARKET,0,WINDOW,EXACT,positive
CC-2026-COMPUTE-POWER,C-2022-POWER-GRID,campaign,电力设备,SAME_MACRO_THEME,BROAD_CONFIRMATION,MATCH,PERIPHERAL_OVERLAP,PERIPHERAL_ONLY,POLICY_DRIVEN,PARTIAL,SEQUENCE_PARTIAL,PARTIAL,THEME_ONLY,False,A_SHARE_MARKET,0,WINDOW,EXACT,positive
CC-2026-COMPUTE-POWER,C-2019-RES-DYE-SHOCK,campaign,资源,CROSS_MACRO_THEME,MAIN_RISE,PARTIAL,NOT_AVAILABLE,NOT_AVAILABLE,,MATCH,SEQUENCE_MATCH,MATCH,INSUFFICIENT_EVIDENCE,False,A_SHARE_MARKET,0,WINDOW,WINDOW,positive
CC-2026-COMPUTE-POWER,C-2020-RES-NONFERROUS,campaign,资源,CROSS_MACRO_THEME,MAIN_RISE,PARTIAL,PERIPHERAL_OVERLAP,PERIPHERAL_ONLY,DEMAND_SURGE,NOT_AVAILABLE,NOT_AVAILABLE,MISMATCH,NO_VALID_CORRESPONDENCE,False,A_SHARE_MARKET,0,EXACT,WINDOW,positive
CC-2026-COMPUTE-POWER,C-2020-RES-LITHIUM,campaign,资源,CROSS_MACRO_THEME,MAIN_RISE,PARTIAL,MISMATCH,NONE,,MATCH,SEQUENCE_MATCH,MISMATCH,STRUCTURAL_PARTIAL,False,A_SHARE_MARKET,0,EXACT,WINDOW,positive
CC-2026-COMPUTE-POWER,C-2020-RES-RAREEARTH,campaign,资源,CROSS_MACRO_THEME,MAIN_RISE,PARTIAL,PERIPHERAL_OVERLAP,PERIPHERAL_ONLY,POLICY_DRIVEN,MATCH,SEQUENCE_MATCH,MISMATCH,NO_VALID_CORRESPONDENCE,False,INDUSTRY_COMPANY_ONLY,0,WINDOW,WINDOW,positive
CC-2026-COMPUTE-POWER,C-2021-RES-CHEM-DUALCTRL,campaign,资源,CROSS_MACRO_THEME,MAIN_RISE,PARTIAL,PERIPHERAL_OVERLAP,PERIPHERAL_ONLY,POLICY_DRIVEN,PARTIAL,SEQUENCE_PARTIAL,PARTIAL,NO_VALID_CORRESPONDENCE,False,A_SHARE_MARKET,0,WINDOW,WINDOW,positive
CC-2026-COMPUTE-POWER,C-2024-RES-GOLD-CB,campaign,资源,CROSS_MACRO_THEME,MAIN_RISE,PARTIAL,PERIPHERAL_OVERLAP,PERIPHERAL_ONLY,DEMAND_SURGE,PARTIAL,SEQUENCE_PARTIAL,MISMATCH,NO_VALID_CORRESPONDENCE,False,A_SHARE_MARKET,0,NULL,NULL,positive
CC-2026-COMPUTE-POWER,C-2016-PANEL-CYCLE,campaign,电子,CROSS_MACRO_THEME,MAIN_RISE,PARTIAL,PERIPHERAL_OVERLAP,PERIPHERAL_ONLY,DEMAND_SURGE,NOT_AVAILABLE,NOT_AVAILABLE,NOT_AVAILABLE,INSUFFICIENT_EVIDENCE,False,INDUSTRY_COMPANY_ONLY,0,WINDOW,WINDOW,positive
CC-2026-COMPUTE-POWER,C-2019-SEMI-LOCALIZATION,campaign,电子,CROSS_MACRO_THEME,MAIN_RISE,PARTIAL,PERIPHERAL_OVERLAP,PERIPHERAL_ONLY,DEMAND_SURGE,PARTIAL,SEQUENCE_PARTIAL,PARTIAL,NO_VALID_CORRESPONDENCE,False,A_SHARE_MARKET,0,EXACT,WINDOW,positive
CC-2026-COMPUTE-POWER,C-2019-CONSUMER-TWS,campaign,,CROSS_MACRO_THEME,MAIN_RISE,PARTIAL,PERIPHERAL_OVERLAP,PERIPHERAL_ONLY,DEMAND_SURGE,PARTIAL,SEQUENCE_PARTIAL,MISMATCH,NO_VALID_CORRESPONDENCE,False,A_SHARE_MARKET,0,EXACT,WINDOW,positive
CC-2026-COMPUTE-POWER,C-2020-SEMI-EQUIPMENT,campaign,电子,CROSS_MACRO_THEME,MAIN_RISE,PARTIAL,PERIPHERAL_OVERLAP,PERIPHERAL_ONLY,DEMAND_SURGE,PARTIAL,SEQUENCE_PARTIAL,PARTIAL,NO_VALID_CORRESPONDENCE,False,A_SHARE_MARKET,0,EXACT,WINDOW,positive
CC-2026-COMPUTE-POWER,C-2020-PANEL-CYCLE,campaign,电子,CROSS_MACRO_THEME,MAIN_RISE,PARTIAL,PERIPHERAL_OVERLAP,PERIPHERAL_ONLY,DEMAND_SURGE,MATCH,SEQUENCE_MATCH,MISMATCH,NO_VALID_CORRESPONDENCE,False,A_SHARE_MARKET,0,WINDOW,WINDOW,positive
CC-2026-COMPUTE-POWER,C-2022-SEMI-DOWNTURN,campaign,电子,CROSS_MACRO_THEME,SECONDARY,MISMATCH,PERIPHERAL_OVERLAP,PERIPHERAL_ONLY,DEMAND_SURGE,NOT_AVAILABLE,NOT_AVAILABLE,MISMATCH,NO_VALID_CORRESPONDENCE,False,A_SHARE_MARKET,0,WINDOW,EXACT,weak
CC-2026-COMPUTE-POWER,C-2023-AI-COMPUTE-SEMI,campaign,电子,CROSS_MACRO_THEME,MAIN_RISE,PARTIAL,PERIPHERAL_OVERLAP,PERIPHERAL_ONLY,INDUSTRY_UPGRADE,NOT_AVAILABLE,NOT_AVAILABLE,MISMATCH,NO_VALID_CORRESPONDENCE,False,A_SHARE_MARKET,0,EXACT,WINDOW,positive
CC-2026-COMPUTE-POWER,C-2024-SEMI-MEMORY,campaign,电子,CROSS_MACRO_THEME,MAIN_RISE,PARTIAL,PARTIAL,MULTI_MECHANISM,DEMAND_SURGE|POLICY_DRIVEN,NOT_AVAILABLE,NOT_AVAILABLE,MISMATCH,STRUCTURAL_PARTIAL,False,A_SHARE_MARKET,0,EXACT,NULL,positive
CC-2026-COMPUTE-POWER,RC-2023-HUAWEI,campaign,,CROSS_MACRO_THEME,BROAD_CONFIRMATION,MATCH,MISMATCH,NONE,,NOT_AVAILABLE,NOT_AVAILABLE,MISMATCH,NO_VALID_CORRESPONDENCE,False,,,,,
CC-2026-COMPUTE-POWER,RC-2024-SECONDARY,campaign,,CROSS_MACRO_THEME,EARLY_SIGNAL,MISMATCH,NOT_AVAILABLE,NOT_AVAILABLE,,NOT_AVAILABLE,NOT_AVAILABLE,NOT_AVAILABLE,INSUFFICIENT_EVIDENCE,False,,,,,
CC-2026-COMPUTE-POWER,RC-2020-PANDEMIC,campaign,,CROSS_MACRO_THEME,MAIN_RISE,PARTIAL,PARTIAL,PRIMARY_MECHANISM_OVERLAP,DEMAND_SURGE,NOT_AVAILABLE,NOT_AVAILABLE,MISMATCH,STRUCTURAL_PARTIAL,False,,,,,
CC-2026-COMPUTE-POWER,RC-2021-TCM,campaign,,CROSS_MACRO_THEME,THEME_FORMING,PARTIAL,PARTIAL,PRIMARY_MECHANISM_OVERLAP,POLICY_DRIVEN,NOT_AVAILABLE,NOT_AVAILABLE,MISMATCH,STRUCTURAL_PARTIAL,False,,,,,
CC-2026-COMPUTE-POWER,RC-2020-CONS-SMALL-APPLIANCE,campaign,消费,CROSS_MACRO_THEME,,COMPARISON_POINT_UNKNOWN,NOT_AVAILABLE,NOT_AVAILABLE,,NOT_AVAILABLE,NOT_AVAILABLE,NOT_AVAILABLE,INSUFFICIENT_EVIDENCE,False,,,,,
CC-2026-COMPUTE-POWER,RC-2024-CONS-PET-FOOD,campaign,消费,CROSS_MACRO_THEME,,COMPARISON_POINT_UNKNOWN,NOT_AVAILABLE,NOT_AVAILABLE,,NOT_AVAILABLE,NOT_AVAILABLE,NOT_AVAILABLE,INSUFFICIENT_EVIDENCE,False,,,,,
CC-2026-COMPUTE-POWER,RC-2020-RES-GOLD-RATES,campaign,资源,CROSS_MACRO_THEME,,COMPARISON_POINT_UNKNOWN,NOT_AVAILABLE,NOT_AVAILABLE,,NOT_AVAILABLE,NOT_AVAILABLE,NOT_AVAILABLE,INSUFFICIENT_EVIDENCE,False,,,,,
CC-2026-COMPUTE-POWER,RC-2022-RES-FERTILIZER,campaign,资源,CROSS_MACRO_THEME,,COMPARISON_POINT_UNKNOWN,NOT_AVAILABLE,NOT_AVAILABLE,,NOT_AVAILABLE,NOT_AVAILABLE,NOT_AVAILABLE,INSUFFICIENT_EVIDENCE,False,,,,,
CC-2026-COMPUTE-POWER,RC-2025-RES-COPPER,campaign,资源,CROSS_MACRO_THEME,,COMPARISON_POINT_UNKNOWN,NOT_AVAILABLE,NOT_AVAILABLE,,NOT_AVAILABLE,NOT_AVAILABLE,NOT_AVAILABLE,INSUFFICIENT_EVIDENCE,False,,,,,
CC-2026-COMPUTE-POWER,RC-2017-RES-ALUMINUM,campaign,资源,CROSS_MACRO_THEME,,COMPARISON_POINT_UNKNOWN,NOT_AVAILABLE,NOT_AVAILABLE,,NOT_AVAILABLE,NOT_AVAILABLE,NOT_AVAILABLE,INSUFFICIENT_EVIDENCE,False,,,,,
CC-2026-COMPUTE-POWER,RC-2016-RES-CHEM-ENV,campaign,资源,CROSS_MACRO_THEME,,COMPARISON_POINT_UNKNOWN,NOT_AVAILABLE,NOT_AVAILABLE,,NOT_AVAILABLE,NOT_AVAILABLE,NOT_AVAILABLE,INSUFFICIENT_EVIDENCE,False,,,,,
CC-2026-COMPUTE-POWER,RC-2022-SEMI-CHIPSHORTAGE,campaign,电子,CROSS_MACRO_THEME,,COMPARISON_POINT_UNKNOWN,NOT_AVAILABLE,NOT_AVAILABLE,,NOT_AVAILABLE,NOT_AVAILABLE,NOT_AVAILABLE,INSUFFICIENT_EVIDENCE,False,,,,,
CC-2026-COMPUTE-POWER,RC-2024-SEMI-FUND3,campaign,电子,CROSS_MACRO_THEME,,COMPARISON_POINT_UNKNOWN,NOT_AVAILABLE,NOT_AVAILABLE,,NOT_AVAILABLE,NOT_AVAILABLE,NOT_AVAILABLE,INSUFFICIENT_EVIDENCE,False,,,,,
CC-2026-COMPUTE-POWER,RC-2015-SEMI-LEVERAGE,campaign,电子,CROSS_MACRO_THEME,,COMPARISON_POINT_UNKNOWN,NOT_AVAILABLE,NOT_AVAILABLE,,NOT_AVAILABLE,NOT_AVAILABLE,NOT_AVAILABLE,INSUFFICIENT_EVIDENCE,False,,,,,
CC-2026-COMPUTE-POWER,RC-2017-GPU-MINING,campaign,电子,CROSS_MACRO_THEME,,COMPARISON_POINT_UNKNOWN,NOT_AVAILABLE,NOT_AVAILABLE,,NOT_AVAILABLE,NOT_AVAILABLE,NOT_AVAILABLE,INSUFFICIENT_EVIDENCE,False,,,,,
CC-2026-COMPUTE-POWER,RC-2024-HIEQ-EQUIP-UPDATE,campaign,,CROSS_MACRO_THEME,MAIN_RISE,PARTIAL,NOT_AVAILABLE,NOT_AVAILABLE,,PARTIAL,SEQUENCE_PARTIAL,MISMATCH,INSUFFICIENT_EVIDENCE,False,,,,,
CC-2026-COMPUTE-POWER,RC-2024-HIEQ-HUMANOID-MASS,campaign,高端装备,CROSS_MACRO_THEME,MAIN_RISE,PARTIAL,NOT_AVAILABLE,NOT_AVAILABLE,,MISMATCH,SEQUENCE_MISMATCH,MISMATCH,INSUFFICIENT_EVIDENCE,False,,,,,
CC-2026-COMPUTE-POWER,RC-2024-RE-POLICY-517,campaign,房地产,CROSS_MACRO_THEME,,COMPARISON_POINT_UNKNOWN,NOT_AVAILABLE,NOT_AVAILABLE,,NOT_AVAILABLE,NOT_AVAILABLE,NOT_AVAILABLE,INSUFFICIENT_EVIDENCE,False,,,,,
CC-2026-COMPUTE-POWER,RC-2019-RE-EASING,campaign,房地产,CROSS_MACRO_THEME,,COMPARISON_POINT_UNKNOWN,NOT_AVAILABLE,NOT_AVAILABLE,,NOT_AVAILABLE,NOT_AVAILABLE,NOT_AVAILABLE,INSUFFICIENT_EVIDENCE,False,,,,,
CC-2026-COMPUTE-POWER,RC-2020-FIN-BROKER-VOLUME,campaign,金融,CROSS_MACRO_THEME,,COMPARISON_POINT_UNKNOWN,NOT_AVAILABLE,NOT_AVAILABLE,,NOT_AVAILABLE,NOT_AVAILABLE,NOT_AVAILABLE,INSUFFICIENT_EVIDENCE,False,,,,,
CC-2026-COMPUTE-POWER,RC-2016-RE-SHANTY,campaign,房地产,CROSS_MACRO_THEME,,COMPARISON_POINT_UNKNOWN,NOT_AVAILABLE,NOT_AVAILABLE,,NOT_AVAILABLE,NOT_AVAILABLE,NOT_AVAILABLE,INSUFFICIENT_EVIDENCE,False,,,,,
CC-2026-COMPUTE-POWER,RC-2015-FIN-LEVERAGE,campaign,,CROSS_MACRO_THEME,,COMPARISON_POINT_UNKNOWN,NOT_AVAILABLE,NOT_AVAILABLE,,NOT_AVAILABLE,NOT_AVAILABLE,NOT_AVAILABLE,INSUFFICIENT_EVIDENCE,False,,,,,
CC-2026-COMPUTE-POWER,RC-2019-MIL-PARADE-70,campaign,国防军工,CROSS_MACRO_THEME,MAIN_RISE,PARTIAL,NOT_AVAILABLE,NOT_AVAILABLE,,NOT_AVAILABLE,NOT_AVAILABLE,NOT_AVAILABLE,INSUFFICIENT_EVIDENCE,False,,,,,
CC-2026-COMPUTE-POWER,RC-2025-MIL-PARADE-80,campaign,国防军工,CROSS_MACRO_THEME,MAIN_RISE,PARTIAL,MISMATCH,NONE,,NOT_AVAILABLE,NOT_AVAILABLE,NOT_AVAILABLE,INSUFFICIENT_EVIDENCE,False,,,,,
CC-2026-COMPUTE-POWER,RC-2017-MIL-MIXED-REFORM,campaign,,CROSS_MACRO_THEME,MAIN_RISE,PARTIAL,PERIPHERAL_OVERLAP,PERIPHERAL_ONLY,POLICY_DRIVEN,NOT_AVAILABLE,NOT_AVAILABLE,NOT_AVAILABLE,INSUFFICIENT_EVIDENCE,False,,,,,
CC-2026-COMPUTE-POWER,RC-2015-MIL-REFORM-BULL,campaign,国防军工,CROSS_MACRO_THEME,DECLINING,MISMATCH,MISMATCH,NONE,,NOT_AVAILABLE,NOT_AVAILABLE,NOT_AVAILABLE,INSUFFICIENT_EVIDENCE,False,,,,,
CC-2026-COMPUTE-POWER,RC-2024-MIL-COMMERCIAL-SPACE,campaign,航天装备,CROSS_MACRO_THEME,MAIN_RISE,PARTIAL,PERIPHERAL_OVERLAP,PERIPHERAL_ONLY,POLICY_DRIVEN,NOT_AVAILABLE,NOT_AVAILABLE,NOT_AVAILABLE,INSUFFICIENT_EVIDENCE,False,,,,,
CC-2026-EMBODIED-AI,C-2019-AD,campaign,,CROSS_MACRO_THEME,MAIN_RISE,MATCH,PARTIAL,PRIMARY_MECHANISM_OVERLAP,POLICY_DRIVEN,NOT_AVAILABLE,NOT_AVAILABLE,MISMATCH,STRUCTURAL_PARTIAL,False,A_SHARE_MARKET,0,EXACT,EXACT,weak
CC-2026-EMBODIED-AI,C-2020-NEV,campaign,汽车,CROSS_MACRO_THEME,MAIN_RISE,MATCH,PERIPHERAL_OVERLAP,PERIPHERAL_ONLY,INDUSTRY_UPGRADE,MISMATCH,SEQUENCE_MISMATCH,MISMATCH,NO_VALID_CORRESPONDENCE,False,A_SHARE_MARKET,0,EXACT,EXACT,positive
CC-2026-EMBODIED-AI,C-2021-NEV,campaign,汽车,CROSS_MACRO_THEME,MAIN_RISE,MATCH,MISMATCH,NONE,,PARTIAL,SET_ONLY,PARTIAL,STRUCTURAL_PARTIAL,False,A_SHARE_MARKET,0,EXACT,EXACT,positive
CC-2026-EMBODIED-AI,C-2022-POLICY,campaign,汽车,CROSS_MACRO_THEME,MAIN_RISE,MATCH,PARTIAL,PRIMARY_MECHANISM_OVERLAP,POLICY_DRIVEN,MATCH,SEQUENCE_MATCH,PARTIAL,STRUCTURAL_PARTIAL,False,A_SHARE_MARKET,0,EXACT,EXACT,positive
CC-2026-EMBODIED-AI,C-2023-AD,campaign,汽车,CROSS_MACRO_THEME,MAIN_RISE,MATCH,PARTIAL,MULTI_MECHANISM,POLICY_DRIVEN|TECH_BREAKTHROUGH,MATCH,SEQUENCE_MATCH,PARTIAL,STRUCTURAL_SUPPORTED,False,A_SHARE_MARKET,0,EXACT,EXACT,positive
CC-2026-EMBODIED-AI,C-2024-V2X,campaign,汽车,CROSS_MACRO_THEME,PEAK,PARTIAL,PERIPHERAL_OVERLAP,PERIPHERAL_ONLY,POLICY_DRIVEN,MATCH,SEQUENCE_MATCH,MISMATCH,NO_VALID_CORRESPONDENCE,False,A_SHARE_MARKET,0,EXACT,EXACT,positive
CC-2026-EMBODIED-AI,C-2024-ROBOTAXI,campaign,汽车,CROSS_MACRO_THEME,MAIN_RISE,MATCH,MISMATCH,NONE,,NOT_AVAILABLE,NOT_AVAILABLE,MISMATCH,NO_VALID_CORRESPONDENCE,False,A_SHARE_MARKET,0,EXACT,EXACT,positive
CC-2026-EMBODIED-AI,C-2025-ROBOTAXI,campaign,汽车,CROSS_MACRO_THEME,MAIN_RISE,MATCH,PERIPHERAL_OVERLAP,PERIPHERAL_ONLY,INDUSTRY_UPGRADE,PARTIAL,SEQUENCE_PARTIAL,PARTIAL,NO_VALID_CORRESPONDENCE,False,A_SHARE_MARKET,1,EXACT,EXACT,positive
CC-2026-EMBODIED-AI,C-2016-CONS-BAIJIU-UPGRADE,campaign,消费,CROSS_MACRO_THEME,MAIN_RISE,MATCH,MISMATCH,NONE,,MATCH,SEQUENCE_MATCH,PARTIAL,STRUCTURAL_PARTIAL,False,A_SHARE_MARKET,0,WINDOW,WINDOW,positive
CC-2026-EMBODIED-AI,C-2018-CONS-HOG-AFRICAN,campaign,消费,CROSS_MACRO_THEME,MAIN_RISE,MATCH,MISMATCH,NONE,,PARTIAL,SEQUENCE_PARTIAL,PARTIAL,STRUCTURAL_PARTIAL,False,A_SHARE_MARKET,0,WINDOW,WINDOW,positive
CC-2026-EMBODIED-AI,C-2019-CONS-BAIJIU-CORE,campaign,消费,CROSS_MACRO_THEME,MAIN_RISE,MATCH,MISMATCH,NONE,,MATCH,SEQUENCE_MATCH,PARTIAL,STRUCTURAL_PARTIAL,False,A_SHARE_MARKET,0,EXACT,WINDOW,positive
CC-2026-EMBODIED-AI,C-2019-CONS-AESTHETICS,campaign,,CROSS_MACRO_THEME,MAIN_RISE,MATCH,PERIPHERAL_OVERLAP,PERIPHERAL_ONLY,INDUSTRY_UPGRADE,NOT_AVAILABLE,NOT_AVAILABLE,MISMATCH,NO_VALID_CORRESPONDENCE,False,A_SHARE_MARKET,0,WINDOW,WINDOW,positive
CC-2026-EMBODIED-AI,C-2020-CONS-DUTYFREE,campaign,消费,CROSS_MACRO_THEME,MAIN_RISE,MATCH,PERIPHERAL_OVERLAP,PERIPHERAL_ONLY,POLICY_DRIVEN,MATCH,SEQUENCE_MATCH,PARTIAL,NO_VALID_CORRESPONDENCE,False,A_SHARE_MARKET,0,EXACT,WINDOW,positive
CC-2026-EMBODIED-AI,C-2020-CONS-WHITE-GOODS,campaign,消费,CROSS_MACRO_THEME,MAIN_RISE,MATCH,MISMATCH,NONE,,NOT_AVAILABLE,NOT_AVAILABLE,MISMATCH,NO_VALID_CORRESPONDENCE,False,A_SHARE_MARKET,0,WINDOW,WINDOW,positive
CC-2026-EMBODIED-AI,C-2020-CONS-BEAUTY-CN,campaign,,CROSS_MACRO_THEME,MAIN_RISE,MATCH,NOT_AVAILABLE,NOT_AVAILABLE,,NOT_AVAILABLE,NOT_AVAILABLE,MISMATCH,INSUFFICIENT_EVIDENCE,False,A_SHARE_MARKET,0,WINDOW,WINDOW,positive
CC-2026-EMBODIED-AI,C-2021-CONS-HOG-REVERSAL,campaign,消费,CROSS_MACRO_THEME,MAIN_RISE,MATCH,MISMATCH,NONE,,PARTIAL,SEQUENCE_PARTIAL,PARTIAL,STRUCTURAL_PARTIAL,False,A_SHARE_MARKET,0,WINDOW,WINDOW,positive
CC-2026-EMBODIED-AI,C-2022-CONS-SERVICE-REBOUND,campaign,消费,CROSS_MACRO_THEME,MAIN_RISE,MATCH,NOT_AVAILABLE,NOT_AVAILABLE,,MATCH,SEQUENCE_MATCH,PARTIAL,INSUFFICIENT_EVIDENCE,False,A_SHARE_MARKET,0,WINDOW,WINDOW,positive
CC-2026-EMBODIED-AI,C-2023-CONS-VALUE-RETAIL,campaign,,CROSS_MACRO_THEME,MAIN_RISE,MATCH,PERIPHERAL_OVERLAP,PERIPHERAL_ONLY,TECH_BREAKTHROUGH,NOT_AVAILABLE,NOT_AVAILABLE,MISMATCH,NO_VALID_CORRESPONDENCE,False,A_SHARE_MARKET,0,WINDOW,NULL,positive
CC-2026-EMBODIED-AI,C-2024-CONS-TRADE-IN,campaign,消费,CROSS_MACRO_THEME,MAIN_RISE,MATCH,PERIPHERAL_OVERLAP,PERIPHERAL_ONLY,POLICY_DRIVEN,MATCH,SEQUENCE_MATCH,PARTIAL,NO_VALID_CORRESPONDENCE,False,A_SHARE_MARKET,0,EXACT,WINDOW,positive
CC-2026-EMBODIED-AI,C-2019-MIL-GROUP-RESTRUCTURE,campaign,国防军工,CROSS_MACRO_THEME,MAIN_RISE,MATCH,PERIPHERAL_OVERLAP,PERIPHERAL_ONLY,POLICY_DRIVEN,PARTIAL,SEQUENCE_PARTIAL,PARTIAL,NO_VALID_CORRESPONDENCE,False,INDUSTRY_COMPANY_ONLY,0,NULL,EXACT,positive
CC-2026-EMBODIED-AI,C-2020-MIL-EQUIP-ORDER,campaign,国防军工,CROSS_MACRO_THEME,MAIN_RISE,MATCH,MISMATCH,NONE,,MATCH,SEQUENCE_MATCH,PARTIAL,STRUCTURAL_PARTIAL,False,A_SHARE_MARKET,0,EXACT,WINDOW,positive
CC-2026-EMBODIED-AI,C-2020-RE-DEBT-RISK,campaign,房地产,CROSS_MACRO_THEME,DECLINING,MISMATCH,NOT_AVAILABLE,NOT_AVAILABLE,,MATCH,SEQUENCE_MATCH,PARTIAL,INSUFFICIENT_EVIDENCE,False,A_SHARE_MARKET,1,WINDOW,WINDOW,weak
CC-2026-EMBODIED-AI,C-2020-FIN-BANK-CREDIT,campaign,金融,CROSS_MACRO_THEME,MAIN_RISE,MATCH,MISMATCH,NONE,,PARTIAL,SET_ONLY,PARTIAL,STRUCTURAL_PARTIAL,False,A_SHARE_MARKET,1,EXACT,WINDOW,positive
CC-2026-EMBODIED-AI,C-2022-RE-POLICY-THREE,campaign,房地产,CROSS_MACRO_THEME,MAIN_RISE,MATCH,PERIPHERAL_OVERLAP,PERIPHERAL_ONLY,POLICY_DRIVEN,MATCH,SEQUENCE_MATCH,MISMATCH,NO_VALID_CORRESPONDENCE,False,A_SHARE_MARKET,1,WINDOW,WINDOW,positive
CC-2026-EMBODIED-AI,C-2023-FIN-SOE-VALUATION,campaign,金融,CROSS_MACRO_THEME,MAIN_RISE,MATCH,MISMATCH,NONE,,MISMATCH,SEQUENCE_MISMATCH,MISMATCH,NO_VALID_CORRESPONDENCE,False,A_SHARE_MARKET,1,WINDOW,WINDOW,positive
CC-2026-EMBODIED-AI,C-2024-FIN-BROKER-POLICY,campaign,金融,CROSS_MACRO_THEME,MAIN_RISE,MATCH,PERIPHERAL_OVERLAP,PERIPHERAL_ONLY,POLICY_DRIVEN,MATCH,SEQUENCE_MATCH,PARTIAL,NO_VALID_CORRESPONDENCE,False,A_SHARE_MARKET,1,EXACT,WINDOW,positive
CC-2026-EMBODIED-AI,C-2024-FIN-BANK-DIVIDEND,campaign,金融,CROSS_MACRO_THEME,MAIN_RISE,MATCH,MISMATCH,NONE,,NOT_AVAILABLE,NOT_AVAILABLE,MISMATCH,NO_VALID_CORRESPONDENCE,False,A_SHARE_MARKET,1,NULL,NULL,positive
CC-2026-EMBODIED-AI,C-2025-FIN-INSURANCE,campaign,金融,CROSS_MACRO_THEME,MAIN_RISE,MATCH,MISMATCH,NONE,,NOT_AVAILABLE,NOT_AVAILABLE,MISMATCH,NO_VALID_CORRESPONDENCE,False,A_SHARE_MARKET,1,NULL,NULL,positive
CC-2026-EMBODIED-AI,C-2016-HIEQ-CONSTR,campaign,高端装备,SAME_MACRO_THEME,MAIN_RISE,MATCH,PERIPHERAL_OVERLAP,PERIPHERAL_ONLY,INDUSTRY_UPGRADE,PARTIAL,SEQUENCE_PARTIAL,PARTIAL,THEME_ONLY,False,A_SHARE_MARKET,0,WINDOW,WINDOW,positive
CC-2026-EMBODIED-AI,C-2018-HIEQ-ROBOT-DOWN,campaign,高端装备,SAME_MACRO_THEME,SECONDARY,MISMATCH,MISMATCH,NONE,,PARTIAL,SEQUENCE_PARTIAL,MISMATCH,NO_VALID_CORRESPONDENCE,False,INDUSTRY_COMPANY_ONLY,0,WINDOW,EXACT,weak
CC-2026-EMBODIED-AI,C-2020-HIEQ-AUTOMATION,campaign,高端装备,SAME_MACRO_THEME,MAIN_RISE,MATCH,PERIPHERAL_OVERLAP,PERIPHERAL_ONLY,TECH_BREAKTHROUGH,PARTIAL,SEQUENCE_PARTIAL,PARTIAL,THEME_ONLY,False,A_SHARE_MARKET,0,WINDOW,WINDOW,positive
CC-2026-EMBODIED-AI,C-2023-HIEQ-ROBOT-PLUS,campaign,高端装备,SAME_MACRO_THEME,MAIN_RISE,MATCH,PERIPHERAL_OVERLAP,PERIPHERAL_ONLY,POLICY_DRIVEN,MATCH,SEQUENCE_MATCH,PARTIAL,THEME_ONLY,False,A_SHARE_MARKET,1,WINDOW,NULL,positive
CC-2026-EMBODIED-AI,C-2023-HIEQ-HUMANOID,campaign,高端装备,SAME_MACRO_THEME,MAIN_RISE,MATCH,PARTIAL,MULTI_MECHANISM,INDUSTRY_UPGRADE|TECH_BREAKTHROUGH,PARTIAL,SEQUENCE_PARTIAL,PARTIAL,STRUCTURAL_PARTIAL,False,A_SHARE_MARKET,0,WINDOW,WINDOW,positive
CC-2026-EMBODIED-AI,C-2019-COMM-5G,campaign,信息通信,CROSS_MACRO_THEME,MAIN_RISE,MATCH,PARTIAL,PRIMARY_MECHANISM_OVERLAP,POLICY_DRIVEN,MATCH,SEQUENCE_MATCH,MISMATCH,STRUCTURAL_PARTIAL,False,A_SHARE_MARKET,0,WINDOW,EXACT,positive
CC-2026-EMBODIED-AI,C-2023-COMM-OPTICAL,campaign,信息通信,CROSS_MACRO_THEME,MAIN_RISE,MATCH,PERIPHERAL_OVERLAP,PERIPHERAL_ONLY,TECH_BREAKTHROUGH,MATCH,SEQUENCE_MATCH,PARTIAL,NO_VALID_CORRESPONDENCE,False,A_SHARE_MARKET,0,EXACT,EXACT,positive
CC-2026-EMBODIED-AI,C-2019-PHARMA-INNOV,campaign,医药健康,CROSS_MACRO_THEME,MAIN_RISE,MATCH,MISMATCH,NONE,,MATCH,SEQUENCE_MATCH,MISMATCH,STRUCTURAL_PARTIAL,False,A_SHARE_MARKET,0,WINDOW,EXACT,positive
CC-2026-EMBODIED-AI,C-2020-POWER-NE,campaign,电力设备,CROSS_MACRO_THEME,MAIN_RISE,MATCH,PARTIAL,PRIMARY_MECHANISM_OVERLAP,POLICY_DRIVEN,MATCH,SEQUENCE_MATCH,MISMATCH,STRUCTURAL_PARTIAL,False,A_SHARE_MARKET,0,WINDOW,EXACT,positive
CC-2026-EMBODIED-AI,C-2022-POWER-GRID,campaign,电力设备,CROSS_MACRO_THEME,MAIN_RISE,MATCH,PERIPHERAL_OVERLAP,PERIPHERAL_ONLY,POLICY_DRIVEN,MATCH,SEQUENCE_MATCH,PARTIAL,NO_VALID_CORRESPONDENCE,False,A_SHARE_MARKET,0,WINDOW,EXACT,positive
CC-2026-EMBODIED-AI,C-2019-RES-DYE-SHOCK,campaign,资源,CROSS_MACRO_THEME,MAIN_RISE,MATCH,NOT_AVAILABLE,NOT_AVAILABLE,,PARTIAL,SEQUENCE_PARTIAL,PARTIAL,INSUFFICIENT_EVIDENCE,False,A_SHARE_MARKET,0,WINDOW,WINDOW,positive
CC-2026-EMBODIED-AI,C-2020-RES-NONFERROUS,campaign,资源,CROSS_MACRO_THEME,MAIN_RISE,MATCH,MISMATCH,NONE,,NOT_AVAILABLE,NOT_AVAILABLE,MISMATCH,NO_VALID_CORRESPONDENCE,False,A_SHARE_MARKET,0,EXACT,WINDOW,positive
CC-2026-EMBODIED-AI,C-2020-RES-LITHIUM,campaign,资源,CROSS_MACRO_THEME,MAIN_RISE,MATCH,MISMATCH,NONE,,PARTIAL,SEQUENCE_PARTIAL,MISMATCH,STRUCTURAL_PARTIAL,False,A_SHARE_MARKET,0,EXACT,WINDOW,positive
CC-2026-EMBODIED-AI,C-2020-RES-RAREEARTH,campaign,资源,CROSS_MACRO_THEME,MAIN_RISE,MATCH,PERIPHERAL_OVERLAP,PERIPHERAL_ONLY,POLICY_DRIVEN,PARTIAL,SEQUENCE_PARTIAL,MISMATCH,NO_VALID_CORRESPONDENCE,False,INDUSTRY_COMPANY_ONLY,0,WINDOW,WINDOW,positive
CC-2026-EMBODIED-AI,C-2021-RES-CHEM-DUALCTRL,campaign,资源,CROSS_MACRO_THEME,MAIN_RISE,MATCH,PERIPHERAL_OVERLAP,PERIPHERAL_ONLY,POLICY_DRIVEN,MATCH,SEQUENCE_MATCH,PARTIAL,NO_VALID_CORRESPONDENCE,False,A_SHARE_MARKET,0,WINDOW,WINDOW,positive
CC-2026-EMBODIED-AI,C-2024-RES-GOLD-CB,campaign,资源,CROSS_MACRO_THEME,MAIN_RISE,MATCH,MISMATCH,NONE,,MISMATCH,SEQUENCE_MISMATCH,MISMATCH,NO_VALID_CORRESPONDENCE,False,A_SHARE_MARKET,0,NULL,NULL,positive
CC-2026-EMBODIED-AI,C-2016-PANEL-CYCLE,campaign,电子,CROSS_MACRO_THEME,MAIN_RISE,MATCH,MISMATCH,NONE,,NOT_AVAILABLE,NOT_AVAILABLE,NOT_AVAILABLE,INSUFFICIENT_EVIDENCE,False,INDUSTRY_COMPANY_ONLY,0,WINDOW,WINDOW,positive
CC-2026-EMBODIED-AI,C-2019-SEMI-LOCALIZATION,campaign,电子,CROSS_MACRO_THEME,MAIN_RISE,MATCH,MISMATCH,NONE,,MATCH,SEQUENCE_MATCH,PARTIAL,STRUCTURAL_PARTIAL,False,A_SHARE_MARKET,0,EXACT,WINDOW,positive
CC-2026-EMBODIED-AI,C-2019-CONSUMER-TWS,campaign,,CROSS_MACRO_THEME,MAIN_RISE,MATCH,MISMATCH,NONE,,MISMATCH,SEQUENCE_MISMATCH,MISMATCH,NO_VALID_CORRESPONDENCE,False,A_SHARE_MARKET,0,EXACT,WINDOW,positive
CC-2026-EMBODIED-AI,C-2020-SEMI-EQUIPMENT,campaign,电子,CROSS_MACRO_THEME,MAIN_RISE,MATCH,MISMATCH,NONE,,MATCH,SEQUENCE_MATCH,PARTIAL,STRUCTURAL_PARTIAL,False,A_SHARE_MARKET,0,EXACT,WINDOW,positive
CC-2026-EMBODIED-AI,C-2020-PANEL-CYCLE,campaign,电子,CROSS_MACRO_THEME,MAIN_RISE,MATCH,MISMATCH,NONE,,PARTIAL,SEQUENCE_PARTIAL,MISMATCH,STRUCTURAL_PARTIAL,False,A_SHARE_MARKET,0,WINDOW,WINDOW,positive
CC-2026-EMBODIED-AI,C-2022-SEMI-DOWNTURN,campaign,电子,CROSS_MACRO_THEME,SECONDARY,MISMATCH,MISMATCH,NONE,,NOT_AVAILABLE,NOT_AVAILABLE,MISMATCH,NO_VALID_CORRESPONDENCE,False,A_SHARE_MARKET,0,WINDOW,EXACT,weak
CC-2026-EMBODIED-AI,C-2023-AI-COMPUTE-SEMI,campaign,电子,CROSS_MACRO_THEME,MAIN_RISE,MATCH,PERIPHERAL_OVERLAP,PERIPHERAL_ONLY,INDUSTRY_UPGRADE,NOT_AVAILABLE,NOT_AVAILABLE,MISMATCH,NO_VALID_CORRESPONDENCE,False,A_SHARE_MARKET,0,EXACT,WINDOW,positive
CC-2026-EMBODIED-AI,C-2024-SEMI-MEMORY,campaign,电子,CROSS_MACRO_THEME,MAIN_RISE,MATCH,PERIPHERAL_OVERLAP,PERIPHERAL_ONLY,POLICY_DRIVEN,NOT_AVAILABLE,NOT_AVAILABLE,MISMATCH,NO_VALID_CORRESPONDENCE,False,A_SHARE_MARKET,0,EXACT,NULL,positive
CC-2026-EMBODIED-AI,RC-2023-HUAWEI,campaign,,CROSS_MACRO_THEME,MAIN_RISE,MATCH,PERIPHERAL_OVERLAP,PERIPHERAL_ONLY,TECH_BREAKTHROUGH,NOT_AVAILABLE,NOT_AVAILABLE,MISMATCH,NO_VALID_CORRESPONDENCE,False,,,,,
CC-2026-EMBODIED-AI,RC-2024-SECONDARY,campaign,,CROSS_MACRO_THEME,EARLY_SIGNAL,MISMATCH,NOT_AVAILABLE,NOT_AVAILABLE,,NOT_AVAILABLE,NOT_AVAILABLE,NOT_AVAILABLE,INSUFFICIENT_EVIDENCE,False,,,,,
CC-2026-EMBODIED-AI,RC-2020-PANDEMIC,campaign,,CROSS_MACRO_THEME,MAIN_RISE,MATCH,MISMATCH,NONE,,NOT_AVAILABLE,NOT_AVAILABLE,MISMATCH,NO_VALID_CORRESPONDENCE,False,,,,,
CC-2026-EMBODIED-AI,RC-2021-TCM,campaign,,CROSS_MACRO_THEME,PEAK,PARTIAL,PARTIAL,PRIMARY_MECHANISM_OVERLAP,POLICY_DRIVEN,NOT_AVAILABLE,NOT_AVAILABLE,MISMATCH,STRUCTURAL_PARTIAL,False,,,,,
CC-2026-EMBODIED-AI,RC-2020-CONS-SMALL-APPLIANCE,campaign,消费,CROSS_MACRO_THEME,,COMPARISON_POINT_UNKNOWN,NOT_AVAILABLE,NOT_AVAILABLE,,NOT_AVAILABLE,NOT_AVAILABLE,NOT_AVAILABLE,INSUFFICIENT_EVIDENCE,False,,,,,
CC-2026-EMBODIED-AI,RC-2024-CONS-PET-FOOD,campaign,消费,CROSS_MACRO_THEME,,COMPARISON_POINT_UNKNOWN,NOT_AVAILABLE,NOT_AVAILABLE,,NOT_AVAILABLE,NOT_AVAILABLE,NOT_AVAILABLE,INSUFFICIENT_EVIDENCE,False,,,,,
CC-2026-EMBODIED-AI,RC-2020-RES-GOLD-RATES,campaign,资源,CROSS_MACRO_THEME,,COMPARISON_POINT_UNKNOWN,NOT_AVAILABLE,NOT_AVAILABLE,,NOT_AVAILABLE,NOT_AVAILABLE,NOT_AVAILABLE,INSUFFICIENT_EVIDENCE,False,,,,,
CC-2026-EMBODIED-AI,RC-2022-RES-FERTILIZER,campaign,资源,CROSS_MACRO_THEME,,COMPARISON_POINT_UNKNOWN,NOT_AVAILABLE,NOT_AVAILABLE,,NOT_AVAILABLE,NOT_AVAILABLE,NOT_AVAILABLE,INSUFFICIENT_EVIDENCE,False,,,,,
CC-2026-EMBODIED-AI,RC-2025-RES-COPPER,campaign,资源,CROSS_MACRO_THEME,,COMPARISON_POINT_UNKNOWN,NOT_AVAILABLE,NOT_AVAILABLE,,NOT_AVAILABLE,NOT_AVAILABLE,NOT_AVAILABLE,INSUFFICIENT_EVIDENCE,False,,,,,
CC-2026-EMBODIED-AI,RC-2017-RES-ALUMINUM,campaign,资源,CROSS_MACRO_THEME,,COMPARISON_POINT_UNKNOWN,NOT_AVAILABLE,NOT_AVAILABLE,,NOT_AVAILABLE,NOT_AVAILABLE,NOT_AVAILABLE,INSUFFICIENT_EVIDENCE,False,,,,,
CC-2026-EMBODIED-AI,RC-2016-RES-CHEM-ENV,campaign,资源,CROSS_MACRO_THEME,,COMPARISON_POINT_UNKNOWN,NOT_AVAILABLE,NOT_AVAILABLE,,NOT_AVAILABLE,NOT_AVAILABLE,NOT_AVAILABLE,INSUFFICIENT_EVIDENCE,False,,,,,
CC-2026-EMBODIED-AI,RC-2022-SEMI-CHIPSHORTAGE,campaign,电子,CROSS_MACRO_THEME,,COMPARISON_POINT_UNKNOWN,NOT_AVAILABLE,NOT_AVAILABLE,,NOT_AVAILABLE,NOT_AVAILABLE,NOT_AVAILABLE,INSUFFICIENT_EVIDENCE,False,,,,,
CC-2026-EMBODIED-AI,RC-2024-SEMI-FUND3,campaign,电子,CROSS_MACRO_THEME,,COMPARISON_POINT_UNKNOWN,NOT_AVAILABLE,NOT_AVAILABLE,,NOT_AVAILABLE,NOT_AVAILABLE,NOT_AVAILABLE,INSUFFICIENT_EVIDENCE,False,,,,,
CC-2026-EMBODIED-AI,RC-2015-SEMI-LEVERAGE,campaign,电子,CROSS_MACRO_THEME,,COMPARISON_POINT_UNKNOWN,NOT_AVAILABLE,NOT_AVAILABLE,,NOT_AVAILABLE,NOT_AVAILABLE,NOT_AVAILABLE,INSUFFICIENT_EVIDENCE,False,,,,,
CC-2026-EMBODIED-AI,RC-2017-GPU-MINING,campaign,电子,CROSS_MACRO_THEME,,COMPARISON_POINT_UNKNOWN,NOT_AVAILABLE,NOT_AVAILABLE,,NOT_AVAILABLE,NOT_AVAILABLE,NOT_AVAILABLE,INSUFFICIENT_EVIDENCE,False,,,,,
CC-2026-EMBODIED-AI,RC-2024-HIEQ-EQUIP-UPDATE,campaign,,CROSS_MACRO_THEME,MAIN_RISE,MATCH,NOT_AVAILABLE,NOT_AVAILABLE,,MATCH,SEQUENCE_MATCH,MISMATCH,INSUFFICIENT_EVIDENCE,False,,,,,
CC-2026-EMBODIED-AI,RC-2024-HIEQ-HUMANOID-MASS,campaign,高端装备,SAME_MACRO_THEME,MAIN_RISE,MATCH,NOT_AVAILABLE,NOT_AVAILABLE,,MISMATCH,SEQUENCE_MISMATCH,MISMATCH,INSUFFICIENT_EVIDENCE,False,,,,,
CC-2026-EMBODIED-AI,RC-2024-RE-POLICY-517,campaign,房地产,CROSS_MACRO_THEME,,COMPARISON_POINT_UNKNOWN,NOT_AVAILABLE,NOT_AVAILABLE,,NOT_AVAILABLE,NOT_AVAILABLE,NOT_AVAILABLE,INSUFFICIENT_EVIDENCE,False,,,,,
CC-2026-EMBODIED-AI,RC-2019-RE-EASING,campaign,房地产,CROSS_MACRO_THEME,,COMPARISON_POINT_UNKNOWN,NOT_AVAILABLE,NOT_AVAILABLE,,NOT_AVAILABLE,NOT_AVAILABLE,NOT_AVAILABLE,INSUFFICIENT_EVIDENCE,False,,,,,
CC-2026-EMBODIED-AI,RC-2020-FIN-BROKER-VOLUME,campaign,金融,CROSS_MACRO_THEME,,COMPARISON_POINT_UNKNOWN,NOT_AVAILABLE,NOT_AVAILABLE,,NOT_AVAILABLE,NOT_AVAILABLE,NOT_AVAILABLE,INSUFFICIENT_EVIDENCE,False,,,,,
CC-2026-EMBODIED-AI,RC-2016-RE-SHANTY,campaign,房地产,CROSS_MACRO_THEME,,COMPARISON_POINT_UNKNOWN,NOT_AVAILABLE,NOT_AVAILABLE,,NOT_AVAILABLE,NOT_AVAILABLE,NOT_AVAILABLE,INSUFFICIENT_EVIDENCE,False,,,,,
CC-2026-EMBODIED-AI,RC-2015-FIN-LEVERAGE,campaign,,CROSS_MACRO_THEME,,COMPARISON_POINT_UNKNOWN,NOT_AVAILABLE,NOT_AVAILABLE,,NOT_AVAILABLE,NOT_AVAILABLE,NOT_AVAILABLE,INSUFFICIENT_EVIDENCE,False,,,,,
CC-2026-EMBODIED-AI,RC-2019-MIL-PARADE-70,campaign,国防军工,CROSS_MACRO_THEME,MAIN_RISE,MATCH,NOT_AVAILABLE,NOT_AVAILABLE,,NOT_AVAILABLE,NOT_AVAILABLE,NOT_AVAILABLE,INSUFFICIENT_EVIDENCE,False,,,,,
CC-2026-EMBODIED-AI,RC-2025-MIL-PARADE-80,campaign,国防军工,CROSS_MACRO_THEME,MAIN_RISE,MATCH,MISMATCH,NONE,,NOT_AVAILABLE,NOT_AVAILABLE,NOT_AVAILABLE,INSUFFICIENT_EVIDENCE,False,,,,,
CC-2026-EMBODIED-AI,RC-2017-MIL-MIXED-REFORM,campaign,,CROSS_MACRO_THEME,MAIN_RISE,MATCH,PERIPHERAL_OVERLAP,PERIPHERAL_ONLY,POLICY_DRIVEN,NOT_AVAILABLE,NOT_AVAILABLE,NOT_AVAILABLE,INSUFFICIENT_EVIDENCE,False,,,,,
CC-2026-EMBODIED-AI,RC-2015-MIL-REFORM-BULL,campaign,国防军工,CROSS_MACRO_THEME,DECLINING,MISMATCH,MISMATCH,NONE,,NOT_AVAILABLE,NOT_AVAILABLE,NOT_AVAILABLE,INSUFFICIENT_EVIDENCE,False,,,,,
CC-2026-EMBODIED-AI,RC-2024-MIL-COMMERCIAL-SPACE,campaign,航天装备,CROSS_MACRO_THEME,MAIN_RISE,MATCH,PARTIAL,MULTI_MECHANISM,POLICY_DRIVEN|TECH_BREAKTHROUGH,NOT_AVAILABLE,NOT_AVAILABLE,NOT_AVAILABLE,INSUFFICIENT_EVIDENCE,False,,,,,
CC-2026-OPTICAL-LINK,C-2019-AD,campaign,,CROSS_MACRO_THEME,MAIN_RISE,MATCH,MISMATCH,NONE,,NOT_AVAILABLE,NOT_AVAILABLE,MISMATCH,NO_VALID_CORRESPONDENCE,False,A_SHARE_MARKET,0,EXACT,EXACT,weak
CC-2026-OPTICAL-LINK,C-2020-NEV,campaign,汽车,CROSS_MACRO_THEME,MAIN_RISE,MATCH,PERIPHERAL_OVERLAP,PERIPHERAL_ONLY,INDUSTRY_UPGRADE,MATCH,SEQUENCE_MATCH,MISMATCH,NO_VALID_CORRESPONDENCE,False,A_SHARE_MARKET,0,EXACT,EXACT,positive
CC-2026-OPTICAL-LINK,C-2021-NEV,campaign,汽车,CROSS_MACRO_THEME,MAIN_RISE,MATCH,MISMATCH,NONE,,PARTIAL,SEQUENCE_PARTIAL,PARTIAL,STRUCTURAL_PARTIAL,False,A_SHARE_MARKET,0,EXACT,EXACT,positive
CC-2026-OPTICAL-LINK,C-2022-POLICY,campaign,汽车,CROSS_MACRO_THEME,MAIN_RISE,MATCH,MISMATCH,NONE,,PARTIAL,SEQUENCE_PARTIAL,PARTIAL,STRUCTURAL_PARTIAL,False,A_SHARE_MARKET,0,EXACT,EXACT,positive
CC-2026-OPTICAL-LINK,C-2023-AD,campaign,汽车,CROSS_MACRO_THEME,MAIN_RISE,MATCH,PERIPHERAL_OVERLAP,PERIPHERAL_ONLY,TECH_BREAKTHROUGH,PARTIAL,SEQUENCE_PARTIAL,PARTIAL,NO_VALID_CORRESPONDENCE,False,A_SHARE_MARKET,0,EXACT,EXACT,positive
CC-2026-OPTICAL-LINK,C-2024-V2X,campaign,汽车,CROSS_MACRO_THEME,PEAK,PARTIAL,MISMATCH,NONE,,MISMATCH,SEQUENCE_MISMATCH,MISMATCH,NO_VALID_CORRESPONDENCE,False,A_SHARE_MARKET,0,EXACT,EXACT,positive
CC-2026-OPTICAL-LINK,C-2024-ROBOTAXI,campaign,汽车,CROSS_MACRO_THEME,MAIN_RISE,MATCH,MISMATCH,NONE,,NOT_AVAILABLE,NOT_AVAILABLE,MISMATCH,NO_VALID_CORRESPONDENCE,False,A_SHARE_MARKET,0,EXACT,EXACT,positive
CC-2026-OPTICAL-LINK,C-2025-ROBOTAXI,campaign,汽车,CROSS_MACRO_THEME,MAIN_RISE,MATCH,PARTIAL,MULTI_MECHANISM,DEMAND_SURGE|INDUSTRY_UPGRADE,MATCH,SEQUENCE_MATCH,PARTIAL,STRUCTURAL_SUPPORTED,False,A_SHARE_MARKET,1,EXACT,EXACT,positive
CC-2026-OPTICAL-LINK,C-2016-CONS-BAIJIU-UPGRADE,campaign,消费,CROSS_MACRO_THEME,MAIN_RISE,MATCH,PERIPHERAL_OVERLAP,PERIPHERAL_ONLY,DEMAND_SURGE,PARTIAL,SET_ONLY,PARTIAL,NO_VALID_CORRESPONDENCE,False,A_SHARE_MARKET,0,WINDOW,WINDOW,positive
CC-2026-OPTICAL-LINK,C-2018-CONS-HOG-AFRICAN,campaign,消费,CROSS_MACRO_THEME,MAIN_RISE,MATCH,MISMATCH,NONE,,PARTIAL,SEQUENCE_PARTIAL,PARTIAL,STRUCTURAL_PARTIAL,False,A_SHARE_MARKET,0,WINDOW,WINDOW,positive
CC-2026-OPTICAL-LINK,C-2019-CONS-BAIJIU-CORE,campaign,消费,CROSS_MACRO_THEME,MAIN_RISE,MATCH,PERIPHERAL_OVERLAP,PERIPHERAL_ONLY,DEMAND_SURGE,PARTIAL,SET_ONLY,PARTIAL,NO_VALID_CORRESPONDENCE,False,A_SHARE_MARKET,0,EXACT,WINDOW,positive
CC-2026-OPTICAL-LINK,C-2019-CONS-AESTHETICS,campaign,,CROSS_MACRO_THEME,MAIN_RISE,MATCH,PERIPHERAL_OVERLAP,PERIPHERAL_ONLY,INDUSTRY_UPGRADE,NOT_AVAILABLE,NOT_AVAILABLE,MISMATCH,NO_VALID_CORRESPONDENCE,False,A_SHARE_MARKET,0,WINDOW,WINDOW,positive
CC-2026-OPTICAL-LINK,C-2020-CONS-DUTYFREE,campaign,消费,CROSS_MACRO_THEME,MAIN_RISE,MATCH,PERIPHERAL_OVERLAP,PERIPHERAL_ONLY,DEMAND_SURGE,PARTIAL,SET_ONLY,PARTIAL,NO_VALID_CORRESPONDENCE,False,A_SHARE_MARKET,0,EXACT,WINDOW,positive
CC-2026-OPTICAL-LINK,C-2020-CONS-WHITE-GOODS,campaign,消费,CROSS_MACRO_THEME,MAIN_RISE,MATCH,PERIPHERAL_OVERLAP,PERIPHERAL_ONLY,DEMAND_SURGE,NOT_AVAILABLE,NOT_AVAILABLE,MISMATCH,NO_VALID_CORRESPONDENCE,False,A_SHARE_MARKET,0,WINDOW,WINDOW,positive
CC-2026-OPTICAL-LINK,C-2020-CONS-BEAUTY-CN,campaign,,CROSS_MACRO_THEME,MAIN_RISE,MATCH,NOT_AVAILABLE,NOT_AVAILABLE,,NOT_AVAILABLE,NOT_AVAILABLE,MISMATCH,INSUFFICIENT_EVIDENCE,False,A_SHARE_MARKET,0,WINDOW,WINDOW,positive
CC-2026-OPTICAL-LINK,C-2021-CONS-HOG-REVERSAL,campaign,消费,CROSS_MACRO_THEME,MAIN_RISE,MATCH,MISMATCH,NONE,,PARTIAL,SEQUENCE_PARTIAL,PARTIAL,STRUCTURAL_PARTIAL,False,A_SHARE_MARKET,0,WINDOW,WINDOW,positive
CC-2026-OPTICAL-LINK,C-2022-CONS-SERVICE-REBOUND,campaign,消费,CROSS_MACRO_THEME,MAIN_RISE,MATCH,NOT_AVAILABLE,NOT_AVAILABLE,,PARTIAL,SET_ONLY,PARTIAL,INSUFFICIENT_EVIDENCE,False,A_SHARE_MARKET,0,WINDOW,WINDOW,positive
CC-2026-OPTICAL-LINK,C-2023-CONS-VALUE-RETAIL,campaign,,CROSS_MACRO_THEME,MAIN_RISE,MATCH,PARTIAL,MULTI_MECHANISM,DEMAND_SURGE|TECH_BREAKTHROUGH,NOT_AVAILABLE,NOT_AVAILABLE,MISMATCH,STRUCTURAL_PARTIAL,False,A_SHARE_MARKET,0,WINDOW,NULL,positive
CC-2026-OPTICAL-LINK,C-2024-CONS-TRADE-IN,campaign,消费,CROSS_MACRO_THEME,MAIN_RISE,MATCH,PERIPHERAL_OVERLAP,PERIPHERAL_ONLY,DEMAND_SURGE,PARTIAL,SET_ONLY,PARTIAL,NO_VALID_CORRESPONDENCE,False,A_SHARE_MARKET,0,EXACT,WINDOW,positive
CC-2026-OPTICAL-LINK,C-2019-MIL-GROUP-RESTRUCTURE,campaign,国防军工,CROSS_MACRO_THEME,MAIN_RISE,MATCH,MISMATCH,NONE,,MATCH,SEQUENCE_MATCH,PARTIAL,STRUCTURAL_PARTIAL,False,INDUSTRY_COMPANY_ONLY,0,NULL,EXACT,positive
CC-2026-OPTICAL-LINK,C-2020-MIL-EQUIP-ORDER,campaign,国防军工,CROSS_MACRO_THEME,MAIN_RISE,MATCH,PARTIAL,PRIMARY_MECHANISM_OVERLAP,DEMAND_SURGE,PARTIAL,SEQUENCE_PARTIAL,PARTIAL,STRUCTURAL_PARTIAL,False,A_SHARE_MARKET,0,EXACT,WINDOW,positive
CC-2026-OPTICAL-LINK,C-2020-RE-DEBT-RISK,campaign,房地产,CROSS_MACRO_THEME,DECLINING,MISMATCH,NOT_AVAILABLE,NOT_AVAILABLE,,PARTIAL,SET_ONLY,PARTIAL,INSUFFICIENT_EVIDENCE,False,A_SHARE_MARKET,1,WINDOW,WINDOW,weak
CC-2026-OPTICAL-LINK,C-2020-FIN-BANK-CREDIT,campaign,金融,CROSS_MACRO_THEME,MAIN_RISE,MATCH,MISMATCH,NONE,,PARTIAL,SET_ONLY,PARTIAL,STRUCTURAL_PARTIAL,False,A_SHARE_MARKET,1,EXACT,WINDOW,positive
CC-2026-OPTICAL-LINK,C-2022-RE-POLICY-THREE,campaign,房地产,CROSS_MACRO_THEME,MAIN_RISE,MATCH,MISMATCH,NONE,,MISMATCH,SEQUENCE_MISMATCH,MISMATCH,NO_VALID_CORRESPONDENCE,False,A_SHARE_MARKET,1,WINDOW,WINDOW,positive
CC-2026-OPTICAL-LINK,C-2023-FIN-SOE-VALUATION,campaign,金融,CROSS_MACRO_THEME,MAIN_RISE,MATCH,MISMATCH,NONE,,PARTIAL,SEQUENCE_PARTIAL,MISMATCH,STRUCTURAL_PARTIAL,False,A_SHARE_MARKET,1,WINDOW,WINDOW,positive
CC-2026-OPTICAL-LINK,C-2024-FIN-BROKER-POLICY,campaign,金融,CROSS_MACRO_THEME,MAIN_RISE,MATCH,MISMATCH,NONE,,PARTIAL,SET_ONLY,PARTIAL,STRUCTURAL_PARTIAL,False,A_SHARE_MARKET,1,EXACT,WINDOW,positive
CC-2026-OPTICAL-LINK,C-2024-FIN-BANK-DIVIDEND,campaign,金融,CROSS_MACRO_THEME,MAIN_RISE,MATCH,MISMATCH,NONE,,NOT_AVAILABLE,NOT_AVAILABLE,MISMATCH,NO_VALID_CORRESPONDENCE,False,A_SHARE_MARKET,1,NULL,NULL,positive
CC-2026-OPTICAL-LINK,C-2025-FIN-INSURANCE,campaign,金融,CROSS_MACRO_THEME,MAIN_RISE,MATCH,MISMATCH,NONE,,NOT_AVAILABLE,NOT_AVAILABLE,MISMATCH,NO_VALID_CORRESPONDENCE,False,A_SHARE_MARKET,1,NULL,NULL,positive
CC-2026-OPTICAL-LINK,C-2016-HIEQ-CONSTR,campaign,高端装备,CROSS_MACRO_THEME,MAIN_RISE,MATCH,PARTIAL,MULTI_MECHANISM,DEMAND_SURGE|INDUSTRY_UPGRADE,PARTIAL,SEQUENCE_PARTIAL,PARTIAL,STRUCTURAL_PARTIAL,False,A_SHARE_MARKET,0,WINDOW,WINDOW,positive
CC-2026-OPTICAL-LINK,C-2018-HIEQ-ROBOT-DOWN,campaign,高端装备,CROSS_MACRO_THEME,SECONDARY,MISMATCH,PERIPHERAL_OVERLAP,PERIPHERAL_ONLY,DEMAND_SURGE,PARTIAL,SEQUENCE_PARTIAL,MISMATCH,NO_VALID_CORRESPONDENCE,False,INDUSTRY_COMPANY_ONLY,0,WINDOW,EXACT,weak
CC-2026-OPTICAL-LINK,C-2020-HIEQ-AUTOMATION,campaign,高端装备,CROSS_MACRO_THEME,MAIN_RISE,MATCH,PERIPHERAL_OVERLAP,PERIPHERAL_ONLY,TECH_BREAKTHROUGH,PARTIAL,SEQUENCE_PARTIAL,PARTIAL,NO_VALID_CORRESPONDENCE,False,A_SHARE_MARKET,0,WINDOW,WINDOW,positive
CC-2026-OPTICAL-LINK,C-2023-HIEQ-ROBOT-PLUS,campaign,高端装备,CROSS_MACRO_THEME,MAIN_RISE,MATCH,PERIPHERAL_OVERLAP,PERIPHERAL_ONLY,DEMAND_SURGE,PARTIAL,SET_ONLY,PARTIAL,NO_VALID_CORRESPONDENCE,False,A_SHARE_MARKET,1,WINDOW,NULL,positive
CC-2026-OPTICAL-LINK,C-2023-HIEQ-HUMANOID,campaign,高端装备,CROSS_MACRO_THEME,MAIN_RISE,MATCH,PARTIAL,MULTI_MECHANISM,INDUSTRY_UPGRADE|TECH_BREAKTHROUGH,PARTIAL,SEQUENCE_PARTIAL,PARTIAL,STRUCTURAL_PARTIAL,False,A_SHARE_MARKET,0,WINDOW,WINDOW,positive
CC-2026-OPTICAL-LINK,C-2019-COMM-5G,campaign,信息通信,SAME_MACRO_THEME,MAIN_RISE,MATCH,MISMATCH,NONE,,MISMATCH,SEQUENCE_MISMATCH,MISMATCH,THEME_ONLY,False,A_SHARE_MARKET,0,WINDOW,EXACT,positive
CC-2026-OPTICAL-LINK,C-2023-COMM-OPTICAL,campaign,信息通信,SAME_MACRO_THEME,MAIN_RISE,MATCH,PARTIAL,MULTI_MECHANISM,DEMAND_SURGE|TECH_BREAKTHROUGH,PARTIAL,SEQUENCE_PARTIAL,PARTIAL,STRUCTURAL_SUPPORTED,False,A_SHARE_MARKET,0,EXACT,EXACT,positive
CC-2026-OPTICAL-LINK,C-2019-PHARMA-INNOV,campaign,医药健康,CROSS_MACRO_THEME,MAIN_RISE,MATCH,PERIPHERAL_OVERLAP,PERIPHERAL_ONLY,DEMAND_SURGE,MISMATCH,SEQUENCE_MISMATCH,MISMATCH,NO_VALID_CORRESPONDENCE,False,A_SHARE_MARKET,0,WINDOW,EXACT,positive
CC-2026-OPTICAL-LINK,C-2020-POWER-NE,campaign,电力设备,CROSS_MACRO_THEME,MAIN_RISE,MATCH,MISMATCH,NONE,,MISMATCH,SEQUENCE_MISMATCH,MISMATCH,NO_VALID_CORRESPONDENCE,False,A_SHARE_MARKET,0,WINDOW,EXACT,positive
CC-2026-OPTICAL-LINK,C-2022-POWER-GRID,campaign,电力设备,CROSS_MACRO_THEME,MAIN_RISE,MATCH,MISMATCH,NONE,,PARTIAL,SEQUENCE_PARTIAL,PARTIAL,STRUCTURAL_PARTIAL,False,A_SHARE_MARKET,0,WINDOW,EXACT,positive
CC-2026-OPTICAL-LINK,C-2019-RES-DYE-SHOCK,campaign,资源,CROSS_MACRO_THEME,MAIN_RISE,MATCH,NOT_AVAILABLE,NOT_AVAILABLE,,PARTIAL,SEQUENCE_PARTIAL,PARTIAL,INSUFFICIENT_EVIDENCE,False,A_SHARE_MARKET,0,WINDOW,WINDOW,positive
CC-2026-OPTICAL-LINK,C-2020-RES-NONFERROUS,campaign,资源,CROSS_MACRO_THEME,MAIN_RISE,MATCH,PERIPHERAL_OVERLAP,PERIPHERAL_ONLY,DEMAND_SURGE,NOT_AVAILABLE,NOT_AVAILABLE,MISMATCH,NO_VALID_CORRESPONDENCE,False,A_SHARE_MARKET,0,EXACT,WINDOW,positive
CC-2026-OPTICAL-LINK,C-2020-RES-LITHIUM,campaign,资源,CROSS_MACRO_THEME,MAIN_RISE,MATCH,MISMATCH,NONE,,PARTIAL,SEQUENCE_PARTIAL,MISMATCH,STRUCTURAL_PARTIAL,False,A_SHARE_MARKET,0,EXACT,WINDOW,positive
CC-2026-OPTICAL-LINK,C-2020-RES-RAREEARTH,campaign,资源,CROSS_MACRO_THEME,MAIN_RISE,MATCH,MISMATCH,NONE,,PARTIAL,SEQUENCE_PARTIAL,MISMATCH,STRUCTURAL_PARTIAL,False,INDUSTRY_COMPANY_ONLY,0,WINDOW,WINDOW,positive
CC-2026-OPTICAL-LINK,C-2021-RES-CHEM-DUALCTRL,campaign,资源,CROSS_MACRO_THEME,MAIN_RISE,MATCH,MISMATCH,NONE,,PARTIAL,SET_ONLY,PARTIAL,STRUCTURAL_PARTIAL,False,A_SHARE_MARKET,0,WINDOW,WINDOW,positive
CC-2026-OPTICAL-LINK,C-2024-RES-GOLD-CB,campaign,资源,CROSS_MACRO_THEME,MAIN_RISE,MATCH,PERIPHERAL_OVERLAP,PERIPHERAL_ONLY,DEMAND_SURGE,PARTIAL,SEQUENCE_PARTIAL,MISMATCH,NO_VALID_CORRESPONDENCE,False,A_SHARE_MARKET,0,NULL,NULL,positive
CC-2026-OPTICAL-LINK,C-2016-PANEL-CYCLE,campaign,电子,CROSS_MACRO_THEME,MAIN_RISE,MATCH,PERIPHERAL_OVERLAP,PERIPHERAL_ONLY,DEMAND_SURGE,NOT_AVAILABLE,NOT_AVAILABLE,NOT_AVAILABLE,INSUFFICIENT_EVIDENCE,False,INDUSTRY_COMPANY_ONLY,0,WINDOW,WINDOW,positive
CC-2026-OPTICAL-LINK,C-2019-SEMI-LOCALIZATION,campaign,电子,CROSS_MACRO_THEME,MAIN_RISE,MATCH,PERIPHERAL_OVERLAP,PERIPHERAL_ONLY,DEMAND_SURGE,PARTIAL,SEQUENCE_PARTIAL,PARTIAL,NO_VALID_CORRESPONDENCE,False,A_SHARE_MARKET,0,EXACT,WINDOW,positive
CC-2026-OPTICAL-LINK,C-2019-CONSUMER-TWS,campaign,,CROSS_MACRO_THEME,MAIN_RISE,MATCH,PERIPHERAL_OVERLAP,PERIPHERAL_ONLY,DEMAND_SURGE,PARTIAL,SEQUENCE_PARTIAL,MISMATCH,NO_VALID_CORRESPONDENCE,False,A_SHARE_MARKET,0,EXACT,WINDOW,positive
CC-2026-OPTICAL-LINK,C-2020-SEMI-EQUIPMENT,campaign,电子,CROSS_MACRO_THEME,MAIN_RISE,MATCH,PERIPHERAL_OVERLAP,PERIPHERAL_ONLY,DEMAND_SURGE,PARTIAL,SEQUENCE_PARTIAL,PARTIAL,NO_VALID_CORRESPONDENCE,False,A_SHARE_MARKET,0,EXACT,WINDOW,positive
CC-2026-OPTICAL-LINK,C-2020-PANEL-CYCLE,campaign,电子,CROSS_MACRO_THEME,MAIN_RISE,MATCH,PERIPHERAL_OVERLAP,PERIPHERAL_ONLY,DEMAND_SURGE,PARTIAL,SEQUENCE_PARTIAL,MISMATCH,NO_VALID_CORRESPONDENCE,False,A_SHARE_MARKET,0,WINDOW,WINDOW,positive
CC-2026-OPTICAL-LINK,C-2022-SEMI-DOWNTURN,campaign,电子,CROSS_MACRO_THEME,SECONDARY,MISMATCH,PERIPHERAL_OVERLAP,PERIPHERAL_ONLY,DEMAND_SURGE,NOT_AVAILABLE,NOT_AVAILABLE,MISMATCH,NO_VALID_CORRESPONDENCE,False,A_SHARE_MARKET,0,WINDOW,EXACT,weak
CC-2026-OPTICAL-LINK,C-2023-AI-COMPUTE-SEMI,campaign,电子,CROSS_MACRO_THEME,MAIN_RISE,MATCH,PERIPHERAL_OVERLAP,PERIPHERAL_ONLY,INDUSTRY_UPGRADE,NOT_AVAILABLE,NOT_AVAILABLE,MISMATCH,NO_VALID_CORRESPONDENCE,False,A_SHARE_MARKET,0,EXACT,WINDOW,positive
CC-2026-OPTICAL-LINK,C-2024-SEMI-MEMORY,campaign,电子,CROSS_MACRO_THEME,MAIN_RISE,MATCH,PERIPHERAL_OVERLAP,PERIPHERAL_ONLY,DEMAND_SURGE,NOT_AVAILABLE,NOT_AVAILABLE,MISMATCH,NO_VALID_CORRESPONDENCE,False,A_SHARE_MARKET,0,EXACT,NULL,positive
CC-2026-OPTICAL-LINK,RC-2023-HUAWEI,campaign,,CROSS_MACRO_THEME,MAIN_RISE,MATCH,PERIPHERAL_OVERLAP,PERIPHERAL_ONLY,TECH_BREAKTHROUGH,NOT_AVAILABLE,NOT_AVAILABLE,MISMATCH,NO_VALID_CORRESPONDENCE,False,,,,,
CC-2026-OPTICAL-LINK,RC-2024-SECONDARY,campaign,,CROSS_MACRO_THEME,EARLY_SIGNAL,MISMATCH,NOT_AVAILABLE,NOT_AVAILABLE,,NOT_AVAILABLE,NOT_AVAILABLE,NOT_AVAILABLE,INSUFFICIENT_EVIDENCE,False,,,,,
CC-2026-OPTICAL-LINK,RC-2020-PANDEMIC,campaign,,CROSS_MACRO_THEME,MAIN_RISE,MATCH,PARTIAL,PRIMARY_MECHANISM_OVERLAP,DEMAND_SURGE,NOT_AVAILABLE,NOT_AVAILABLE,MISMATCH,STRUCTURAL_PARTIAL,False,,,,,
CC-2026-OPTICAL-LINK,RC-2021-TCM,campaign,,CROSS_MACRO_THEME,PEAK,PARTIAL,MISMATCH,NONE,,NOT_AVAILABLE,NOT_AVAILABLE,MISMATCH,NO_VALID_CORRESPONDENCE,False,,,,,
CC-2026-OPTICAL-LINK,RC-2020-CONS-SMALL-APPLIANCE,campaign,消费,CROSS_MACRO_THEME,,COMPARISON_POINT_UNKNOWN,NOT_AVAILABLE,NOT_AVAILABLE,,NOT_AVAILABLE,NOT_AVAILABLE,NOT_AVAILABLE,INSUFFICIENT_EVIDENCE,False,,,,,
CC-2026-OPTICAL-LINK,RC-2024-CONS-PET-FOOD,campaign,消费,CROSS_MACRO_THEME,,COMPARISON_POINT_UNKNOWN,NOT_AVAILABLE,NOT_AVAILABLE,,NOT_AVAILABLE,NOT_AVAILABLE,NOT_AVAILABLE,INSUFFICIENT_EVIDENCE,False,,,,,
CC-2026-OPTICAL-LINK,RC-2020-RES-GOLD-RATES,campaign,资源,CROSS_MACRO_THEME,,COMPARISON_POINT_UNKNOWN,NOT_AVAILABLE,NOT_AVAILABLE,,NOT_AVAILABLE,NOT_AVAILABLE,NOT_AVAILABLE,INSUFFICIENT_EVIDENCE,False,,,,,
CC-2026-OPTICAL-LINK,RC-2022-RES-FERTILIZER,campaign,资源,CROSS_MACRO_THEME,,COMPARISON_POINT_UNKNOWN,NOT_AVAILABLE,NOT_AVAILABLE,,NOT_AVAILABLE,NOT_AVAILABLE,NOT_AVAILABLE,INSUFFICIENT_EVIDENCE,False,,,,,
CC-2026-OPTICAL-LINK,RC-2025-RES-COPPER,campaign,资源,CROSS_MACRO_THEME,,COMPARISON_POINT_UNKNOWN,NOT_AVAILABLE,NOT_AVAILABLE,,NOT_AVAILABLE,NOT_AVAILABLE,NOT_AVAILABLE,INSUFFICIENT_EVIDENCE,False,,,,,
CC-2026-OPTICAL-LINK,RC-2017-RES-ALUMINUM,campaign,资源,CROSS_MACRO_THEME,,COMPARISON_POINT_UNKNOWN,NOT_AVAILABLE,NOT_AVAILABLE,,NOT_AVAILABLE,NOT_AVAILABLE,NOT_AVAILABLE,INSUFFICIENT_EVIDENCE,False,,,,,
CC-2026-OPTICAL-LINK,RC-2016-RES-CHEM-ENV,campaign,资源,CROSS_MACRO_THEME,,COMPARISON_POINT_UNKNOWN,NOT_AVAILABLE,NOT_AVAILABLE,,NOT_AVAILABLE,NOT_AVAILABLE,NOT_AVAILABLE,INSUFFICIENT_EVIDENCE,False,,,,,
CC-2026-OPTICAL-LINK,RC-2022-SEMI-CHIPSHORTAGE,campaign,电子,CROSS_MACRO_THEME,,COMPARISON_POINT_UNKNOWN,NOT_AVAILABLE,NOT_AVAILABLE,,NOT_AVAILABLE,NOT_AVAILABLE,NOT_AVAILABLE,INSUFFICIENT_EVIDENCE,False,,,,,
CC-2026-OPTICAL-LINK,RC-2024-SEMI-FUND3,campaign,电子,CROSS_MACRO_THEME,,COMPARISON_POINT_UNKNOWN,NOT_AVAILABLE,NOT_AVAILABLE,,NOT_AVAILABLE,NOT_AVAILABLE,NOT_AVAILABLE,INSUFFICIENT_EVIDENCE,False,,,,,
CC-2026-OPTICAL-LINK,RC-2015-SEMI-LEVERAGE,campaign,电子,CROSS_MACRO_THEME,,COMPARISON_POINT_UNKNOWN,NOT_AVAILABLE,NOT_AVAILABLE,,NOT_AVAILABLE,NOT_AVAILABLE,NOT_AVAILABLE,INSUFFICIENT_EVIDENCE,False,,,,,
CC-2026-OPTICAL-LINK,RC-2017-GPU-MINING,campaign,电子,CROSS_MACRO_THEME,,COMPARISON_POINT_UNKNOWN,NOT_AVAILABLE,NOT_AVAILABLE,,NOT_AVAILABLE,NOT_AVAILABLE,NOT_AVAILABLE,INSUFFICIENT_EVIDENCE,False,,,,,
CC-2026-OPTICAL-LINK,RC-2024-HIEQ-EQUIP-UPDATE,campaign,,CROSS_MACRO_THEME,MAIN_RISE,MATCH,NOT_AVAILABLE,NOT_AVAILABLE,,MISMATCH,SEQUENCE_MISMATCH,MISMATCH,INSUFFICIENT_EVIDENCE,False,,,,,
CC-2026-OPTICAL-LINK,RC-2024-HIEQ-HUMANOID-MASS,campaign,高端装备,CROSS_MACRO_THEME,MAIN_RISE,MATCH,NOT_AVAILABLE,NOT_AVAILABLE,,MATCH,SEQUENCE_MATCH,MISMATCH,INSUFFICIENT_EVIDENCE,False,,,,,
CC-2026-OPTICAL-LINK,RC-2024-RE-POLICY-517,campaign,房地产,CROSS_MACRO_THEME,,COMPARISON_POINT_UNKNOWN,NOT_AVAILABLE,NOT_AVAILABLE,,NOT_AVAILABLE,NOT_AVAILABLE,NOT_AVAILABLE,INSUFFICIENT_EVIDENCE,False,,,,,
CC-2026-OPTICAL-LINK,RC-2019-RE-EASING,campaign,房地产,CROSS_MACRO_THEME,,COMPARISON_POINT_UNKNOWN,NOT_AVAILABLE,NOT_AVAILABLE,,NOT_AVAILABLE,NOT_AVAILABLE,NOT_AVAILABLE,INSUFFICIENT_EVIDENCE,False,,,,,
CC-2026-OPTICAL-LINK,RC-2020-FIN-BROKER-VOLUME,campaign,金融,CROSS_MACRO_THEME,,COMPARISON_POINT_UNKNOWN,NOT_AVAILABLE,NOT_AVAILABLE,,NOT_AVAILABLE,NOT_AVAILABLE,NOT_AVAILABLE,INSUFFICIENT_EVIDENCE,False,,,,,
CC-2026-OPTICAL-LINK,RC-2016-RE-SHANTY,campaign,房地产,CROSS_MACRO_THEME,,COMPARISON_POINT_UNKNOWN,NOT_AVAILABLE,NOT_AVAILABLE,,NOT_AVAILABLE,NOT_AVAILABLE,NOT_AVAILABLE,INSUFFICIENT_EVIDENCE,False,,,,,
CC-2026-OPTICAL-LINK,RC-2015-FIN-LEVERAGE,campaign,,CROSS_MACRO_THEME,,COMPARISON_POINT_UNKNOWN,NOT_AVAILABLE,NOT_AVAILABLE,,NOT_AVAILABLE,NOT_AVAILABLE,NOT_AVAILABLE,INSUFFICIENT_EVIDENCE,False,,,,,
CC-2026-OPTICAL-LINK,RC-2019-MIL-PARADE-70,campaign,国防军工,CROSS_MACRO_THEME,MAIN_RISE,MATCH,NOT_AVAILABLE,NOT_AVAILABLE,,NOT_AVAILABLE,NOT_AVAILABLE,NOT_AVAILABLE,INSUFFICIENT_EVIDENCE,False,,,,,
CC-2026-OPTICAL-LINK,RC-2025-MIL-PARADE-80,campaign,国防军工,CROSS_MACRO_THEME,MAIN_RISE,MATCH,MISMATCH,NONE,,NOT_AVAILABLE,NOT_AVAILABLE,NOT_AVAILABLE,INSUFFICIENT_EVIDENCE,False,,,,,
CC-2026-OPTICAL-LINK,RC-2017-MIL-MIXED-REFORM,campaign,,CROSS_MACRO_THEME,MAIN_RISE,MATCH,MISMATCH,NONE,,NOT_AVAILABLE,NOT_AVAILABLE,NOT_AVAILABLE,INSUFFICIENT_EVIDENCE,False,,,,,
CC-2026-OPTICAL-LINK,RC-2015-MIL-REFORM-BULL,campaign,国防军工,CROSS_MACRO_THEME,DECLINING,MISMATCH,MISMATCH,NONE,,NOT_AVAILABLE,NOT_AVAILABLE,NOT_AVAILABLE,INSUFFICIENT_EVIDENCE,False,,,,,
CC-2026-OPTICAL-LINK,RC-2024-MIL-COMMERCIAL-SPACE,campaign,航天装备,CROSS_MACRO_THEME,MAIN_RISE,MATCH,PERIPHERAL_OVERLAP,PERIPHERAL_ONLY,TECH_BREAKTHROUGH,NOT_AVAILABLE,NOT_AVAILABLE,NOT_AVAILABLE,INSUFFICIENT_EVIDENCE,False,,,,,
CC-2026-OFFSHORE-WIND,C-2019-AD,campaign,,CROSS_MACRO_THEME,EARLY_SIGNAL,PARTIAL,PARTIAL,PRIMARY_MECHANISM_OVERLAP,POLICY_DRIVEN,NOT_AVAILABLE,NOT_AVAILABLE,MISMATCH,STRUCTURAL_PARTIAL,False,A_SHARE_MARKET,0,EXACT,EXACT,weak
CC-2026-OFFSHORE-WIND,C-2020-NEV,campaign,汽车,CROSS_MACRO_THEME,EARLY_SIGNAL,PARTIAL,MISMATCH,NONE,,MISMATCH,SEQUENCE_MISMATCH,MISMATCH,NO_VALID_CORRESPONDENCE,False,A_SHARE_MARKET,0,EXACT,EXACT,positive
CC-2026-OFFSHORE-WIND,C-2021-NEV,campaign,汽车,CROSS_MACRO_THEME,EARLY_SIGNAL,PARTIAL,PERIPHERAL_OVERLAP,PERIPHERAL_ONLY,SUPPLY_CONTRACTION,PARTIAL,SET_ONLY,PARTIAL,NO_VALID_CORRESPONDENCE,False,A_SHARE_MARKET,0,EXACT,EXACT,positive
CC-2026-OFFSHORE-WIND,C-2022-POLICY,campaign,汽车,CROSS_MACRO_THEME,THEME_FORMING,MATCH,PARTIAL,PRIMARY_MECHANISM_OVERLAP,POLICY_DRIVEN,PARTIAL,SEQUENCE_PARTIAL,PARTIAL,STRUCTURAL_PARTIAL,False,A_SHARE_MARKET,0,EXACT,EXACT,positive
CC-2026-OFFSHORE-WIND,C-2023-AD,campaign,汽车,CROSS_MACRO_THEME,THEME_FORMING,MATCH,PARTIAL,PRIMARY_MECHANISM_OVERLAP,POLICY_DRIVEN,PARTIAL,SEQUENCE_PARTIAL,PARTIAL,STRUCTURAL_PARTIAL,False,A_SHARE_MARKET,0,EXACT,EXACT,positive
CC-2026-OFFSHORE-WIND,C-2024-V2X,campaign,汽车,CROSS_MACRO_THEME,THEME_FORMING,MATCH,PERIPHERAL_OVERLAP,PERIPHERAL_ONLY,POLICY_DRIVEN,MISMATCH,SEQUENCE_MISMATCH,MISMATCH,NO_VALID_CORRESPONDENCE,False,A_SHARE_MARKET,0,EXACT,EXACT,positive
CC-2026-OFFSHORE-WIND,C-2024-ROBOTAXI,campaign,汽车,CROSS_MACRO_THEME,EARLY_SIGNAL,PARTIAL,MISMATCH,NONE,,NOT_AVAILABLE,NOT_AVAILABLE,MISMATCH,NO_VALID_CORRESPONDENCE,False,A_SHARE_MARKET,0,EXACT,EXACT,positive
CC-2026-OFFSHORE-WIND,C-2025-ROBOTAXI,campaign,汽车,CROSS_MACRO_THEME,EARLY_SIGNAL,PARTIAL,MISMATCH,NONE,,MATCH,SEQUENCE_MATCH,PARTIAL,STRUCTURAL_PARTIAL,False,A_SHARE_MARKET,1,EXACT,EXACT,positive
CC-2026-OFFSHORE-WIND,C-2016-CONS-BAIJIU-UPGRADE,campaign,消费,CROSS_MACRO_THEME,MAIN_RISE,MISMATCH,PERIPHERAL_OVERLAP,PERIPHERAL_ONLY,SUPPLY_CONTRACTION,PARTIAL,SEQUENCE_PARTIAL,PARTIAL,NO_VALID_CORRESPONDENCE,False,A_SHARE_MARKET,0,WINDOW,WINDOW,positive
CC-2026-OFFSHORE-WIND,C-2018-CONS-HOG-AFRICAN,campaign,消费,CROSS_MACRO_THEME,MAIN_RISE,MISMATCH,PERIPHERAL_OVERLAP,PERIPHERAL_ONLY,SUPPLY_CONTRACTION,PARTIAL,SEQUENCE_PARTIAL,PARTIAL,NO_VALID_CORRESPONDENCE,False,A_SHARE_MARKET,0,WINDOW,WINDOW,positive
CC-2026-OFFSHORE-WIND,C-2019-CONS-BAIJIU-CORE,campaign,消费,CROSS_MACRO_THEME,MAIN_RISE,MISMATCH,MISMATCH,NONE,,PARTIAL,SEQUENCE_PARTIAL,PARTIAL,STRUCTURAL_PARTIAL,False,A_SHARE_MARKET,0,EXACT,WINDOW,positive
CC-2026-OFFSHORE-WIND,C-2019-CONS-AESTHETICS,campaign,,CROSS_MACRO_THEME,MAIN_RISE,MISMATCH,PERIPHERAL_OVERLAP,PERIPHERAL_ONLY,SUPPLY_CONTRACTION,NOT_AVAILABLE,NOT_AVAILABLE,MISMATCH,NO_VALID_CORRESPONDENCE,False,A_SHARE_MARKET,0,WINDOW,WINDOW,positive
CC-2026-OFFSHORE-WIND,C-2020-CONS-DUTYFREE,campaign,消费,CROSS_MACRO_THEME,MAIN_RISE,MISMATCH,PERIPHERAL_OVERLAP,PERIPHERAL_ONLY,POLICY_DRIVEN,PARTIAL,SEQUENCE_PARTIAL,PARTIAL,NO_VALID_CORRESPONDENCE,False,A_SHARE_MARKET,0,EXACT,WINDOW,positive
CC-2026-OFFSHORE-WIND,C-2020-CONS-WHITE-GOODS,campaign,消费,CROSS_MACRO_THEME,MAIN_RISE,MISMATCH,PERIPHERAL_OVERLAP,PERIPHERAL_ONLY,SUPPLY_CONTRACTION,NOT_AVAILABLE,NOT_AVAILABLE,MISMATCH,NO_VALID_CORRESPONDENCE,False,A_SHARE_MARKET,0,WINDOW,WINDOW,positive
CC-2026-OFFSHORE-WIND,C-2020-CONS-BEAUTY-CN,campaign,,CROSS_MACRO_THEME,MAIN_RISE,MISMATCH,NOT_AVAILABLE,NOT_AVAILABLE,,NOT_AVAILABLE,NOT_AVAILABLE,MISMATCH,INSUFFICIENT_EVIDENCE,False,A_SHARE_MARKET,0,WINDOW,WINDOW,positive
CC-2026-OFFSHORE-WIND,C-2021-CONS-HOG-REVERSAL,campaign,消费,CROSS_MACRO_THEME,MAIN_RISE,MISMATCH,PERIPHERAL_OVERLAP,PERIPHERAL_ONLY,SUPPLY_CONTRACTION,PARTIAL,SEQUENCE_PARTIAL,PARTIAL,NO_VALID_CORRESPONDENCE,False,A_SHARE_MARKET,0,WINDOW,WINDOW,positive
CC-2026-OFFSHORE-WIND,C-2022-CONS-SERVICE-REBOUND,campaign,消费,CROSS_MACRO_THEME,MAIN_RISE,MISMATCH,NOT_AVAILABLE,NOT_AVAILABLE,,PARTIAL,SEQUENCE_PARTIAL,PARTIAL,INSUFFICIENT_EVIDENCE,False,A_SHARE_MARKET,0,WINDOW,WINDOW,positive
CC-2026-OFFSHORE-WIND,C-2023-CONS-VALUE-RETAIL,campaign,,CROSS_MACRO_THEME,MAIN_RISE,MISMATCH,MISMATCH,NONE,,NOT_AVAILABLE,NOT_AVAILABLE,MISMATCH,NO_VALID_CORRESPONDENCE,False,A_SHARE_MARKET,0,WINDOW,NULL,positive
CC-2026-OFFSHORE-WIND,C-2024-CONS-TRADE-IN,campaign,消费,CROSS_MACRO_THEME,MAIN_RISE,MISMATCH,PERIPHERAL_OVERLAP,PERIPHERAL_ONLY,POLICY_DRIVEN,PARTIAL,SEQUENCE_PARTIAL,PARTIAL,NO_VALID_CORRESPONDENCE,False,A_SHARE_MARKET,0,EXACT,WINDOW,positive
CC-2026-OFFSHORE-WIND,C-2019-MIL-GROUP-RESTRUCTURE,campaign,国防军工,CROSS_MACRO_THEME,MAIN_RISE,MISMATCH,PERIPHERAL_OVERLAP,PERIPHERAL_ONLY,POLICY_DRIVEN,MATCH,SEQUENCE_MATCH,PARTIAL,NO_VALID_CORRESPONDENCE,False,INDUSTRY_COMPANY_ONLY,0,NULL,EXACT,positive
CC-2026-OFFSHORE-WIND,C-2020-MIL-EQUIP-ORDER,campaign,国防军工,CROSS_MACRO_THEME,MAIN_RISE,MISMATCH,MISMATCH,NONE,,PARTIAL,SEQUENCE_PARTIAL,PARTIAL,STRUCTURAL_PARTIAL,False,A_SHARE_MARKET,0,EXACT,WINDOW,positive
CC-2026-OFFSHORE-WIND,C-2020-RE-DEBT-RISK,campaign,房地产,CROSS_MACRO_THEME,DECLINING,MISMATCH,NOT_AVAILABLE,NOT_AVAILABLE,,PARTIAL,SET_ONLY,PARTIAL,INSUFFICIENT_EVIDENCE,False,A_SHARE_MARKET,1,WINDOW,WINDOW,weak
CC-2026-OFFSHORE-WIND,C-2020-FIN-BANK-CREDIT,campaign,金融,CROSS_MACRO_THEME,MAIN_RISE,MISMATCH,PERIPHERAL_OVERLAP,PERIPHERAL_ONLY,SUPPLY_CONTRACTION,PARTIAL,SET_ONLY,PARTIAL,NO_VALID_CORRESPONDENCE,False,A_SHARE_MARKET,1,EXACT,WINDOW,positive
CC-2026-OFFSHORE-WIND,C-2022-RE-POLICY-THREE,campaign,房地产,CROSS_MACRO_THEME,MAIN_RISE,MISMATCH,PERIPHERAL_OVERLAP,PERIPHERAL_ONLY,POLICY_DRIVEN,MISMATCH,SEQUENCE_MISMATCH,MISMATCH,NO_VALID_CORRESPONDENCE,False,A_SHARE_MARKET,1,WINDOW,WINDOW,positive
CC-2026-OFFSHORE-WIND,C-2023-FIN-SOE-VALUATION,campaign,金融,CROSS_MACRO_THEME,MAIN_RISE,MISMATCH,MISMATCH,NONE,,MISMATCH,SEQUENCE_MISMATCH,MISMATCH,NO_VALID_CORRESPONDENCE,False,A_SHARE_MARKET,1,WINDOW,WINDOW,positive
CC-2026-OFFSHORE-WIND,C-2024-FIN-BROKER-POLICY,campaign,金融,CROSS_MACRO_THEME,MAIN_RISE,MISMATCH,PERIPHERAL_OVERLAP,PERIPHERAL_ONLY,POLICY_DRIVEN,PARTIAL,SEQUENCE_PARTIAL,PARTIAL,NO_VALID_CORRESPONDENCE,False,A_SHARE_MARKET,1,EXACT,WINDOW,positive
CC-2026-OFFSHORE-WIND,C-2024-FIN-BANK-DIVIDEND,campaign,金融,CROSS_MACRO_THEME,MAIN_RISE,MISMATCH,MISMATCH,NONE,,NOT_AVAILABLE,NOT_AVAILABLE,MISMATCH,NO_VALID_CORRESPONDENCE,False,A_SHARE_MARKET,1,NULL,NULL,positive
CC-2026-OFFSHORE-WIND,C-2025-FIN-INSURANCE,campaign,金融,CROSS_MACRO_THEME,MAIN_RISE,MISMATCH,MISMATCH,NONE,,NOT_AVAILABLE,NOT_AVAILABLE,MISMATCH,NO_VALID_CORRESPONDENCE,False,A_SHARE_MARKET,1,NULL,NULL,positive
CC-2026-OFFSHORE-WIND,C-2016-HIEQ-CONSTR,campaign,高端装备,CROSS_MACRO_THEME,MAIN_RISE,MISMATCH,MISMATCH,NONE,,PARTIAL,SEQUENCE_PARTIAL,PARTIAL,STRUCTURAL_PARTIAL,False,A_SHARE_MARKET,0,WINDOW,WINDOW,positive
CC-2026-OFFSHORE-WIND,C-2018-HIEQ-ROBOT-DOWN,campaign,高端装备,CROSS_MACRO_THEME,SECONDARY,MISMATCH,MISMATCH,NONE,,PARTIAL,SEQUENCE_PARTIAL,MISMATCH,NO_VALID_CORRESPONDENCE,False,INDUSTRY_COMPANY_ONLY,0,WINDOW,EXACT,weak
CC-2026-OFFSHORE-WIND,C-2020-HIEQ-AUTOMATION,campaign,高端装备,CROSS_MACRO_THEME,MAIN_RISE,MISMATCH,MISMATCH,NONE,,PARTIAL,SEQUENCE_PARTIAL,PARTIAL,STRUCTURAL_PARTIAL,False,A_SHARE_MARKET,0,WINDOW,WINDOW,positive
CC-2026-OFFSHORE-WIND,C-2023-HIEQ-ROBOT-PLUS,campaign,高端装备,CROSS_MACRO_THEME,MAIN_RISE,MISMATCH,PERIPHERAL_OVERLAP,PERIPHERAL_ONLY,POLICY_DRIVEN,PARTIAL,SEQUENCE_PARTIAL,PARTIAL,NO_VALID_CORRESPONDENCE,False,A_SHARE_MARKET,1,WINDOW,NULL,positive
CC-2026-OFFSHORE-WIND,C-2023-HIEQ-HUMANOID,campaign,高端装备,CROSS_MACRO_THEME,MAIN_RISE,MISMATCH,MISMATCH,NONE,,PARTIAL,SEQUENCE_PARTIAL,PARTIAL,STRUCTURAL_PARTIAL,False,A_SHARE_MARKET,0,WINDOW,WINDOW,positive
CC-2026-OFFSHORE-WIND,C-2019-COMM-5G,campaign,信息通信,CROSS_MACRO_THEME,THEME_FORMING,MATCH,PARTIAL,PRIMARY_MECHANISM_OVERLAP,POLICY_DRIVEN,MISMATCH,SEQUENCE_MISMATCH,MISMATCH,STRUCTURAL_PARTIAL,False,A_SHARE_MARKET,0,WINDOW,EXACT,positive
CC-2026-OFFSHORE-WIND,C-2023-COMM-OPTICAL,campaign,信息通信,CROSS_MACRO_THEME,THEME_FORMING,MATCH,MISMATCH,NONE,,PARTIAL,SEQUENCE_PARTIAL,PARTIAL,STRUCTURAL_PARTIAL,False,A_SHARE_MARKET,0,EXACT,EXACT,positive
CC-2026-OFFSHORE-WIND,C-2019-PHARMA-INNOV,campaign,医药健康,CROSS_MACRO_THEME,THEME_FORMING,MATCH,MISMATCH,NONE,,MISMATCH,SEQUENCE_MISMATCH,MISMATCH,NO_VALID_CORRESPONDENCE,False,A_SHARE_MARKET,0,WINDOW,EXACT,positive
CC-2026-OFFSHORE-WIND,C-2020-POWER-NE,campaign,电力设备,SAME_MACRO_THEME,THEME_FORMING,MATCH,PARTIAL,PRIMARY_MECHANISM_OVERLAP,POLICY_DRIVEN,MISMATCH,SEQUENCE_MISMATCH,MISMATCH,STRUCTURAL_PARTIAL,False,A_SHARE_MARKET,0,WINDOW,EXACT,positive
CC-2026-OFFSHORE-WIND,C-2022-POWER-GRID,campaign,电力设备,SAME_MACRO_THEME,THEME_FORMING,MATCH,PERIPHERAL_OVERLAP,PERIPHERAL_ONLY,POLICY_DRIVEN,PARTIAL,SEQUENCE_PARTIAL,PARTIAL,THEME_ONLY,False,A_SHARE_MARKET,0,WINDOW,EXACT,positive
CC-2026-OFFSHORE-WIND,C-2019-RES-DYE-SHOCK,campaign,资源,CROSS_MACRO_THEME,MAIN_RISE,MISMATCH,NOT_AVAILABLE,NOT_AVAILABLE,,PARTIAL,SEQUENCE_PARTIAL,PARTIAL,INSUFFICIENT_EVIDENCE,False,A_SHARE_MARKET,0,WINDOW,WINDOW,positive
CC-2026-OFFSHORE-WIND,C-2020-RES-NONFERROUS,campaign,资源,CROSS_MACRO_THEME,MAIN_RISE,MISMATCH,PERIPHERAL_OVERLAP,PERIPHERAL_ONLY,SUPPLY_CONTRACTION,NOT_AVAILABLE,NOT_AVAILABLE,MISMATCH,NO_VALID_CORRESPONDENCE,False,A_SHARE_MARKET,0,EXACT,WINDOW,positive
CC-2026-OFFSHORE-WIND,C-2020-RES-LITHIUM,campaign,资源,CROSS_MACRO_THEME,MAIN_RISE,MISMATCH,PERIPHERAL_OVERLAP,PERIPHERAL_ONLY,SUPPLY_CONTRACTION,PARTIAL,SEQUENCE_PARTIAL,MISMATCH,NO_VALID_CORRESPONDENCE,False,A_SHARE_MARKET,0,EXACT,WINDOW,positive
CC-2026-OFFSHORE-WIND,C-2020-RES-RAREEARTH,campaign,资源,CROSS_MACRO_THEME,MAIN_RISE,MISMATCH,PARTIAL,SET_EQUAL_NO_PROVENANCE,POLICY_DRIVEN|SUPPLY_CONTRACTION,PARTIAL,SEQUENCE_PARTIAL,MISMATCH,STRUCTURAL_PARTIAL,False,INDUSTRY_COMPANY_ONLY,0,WINDOW,WINDOW,positive
CC-2026-OFFSHORE-WIND,C-2021-RES-CHEM-DUALCTRL,campaign,资源,CROSS_MACRO_THEME,MAIN_RISE,MISMATCH,PARTIAL,MULTI_MECHANISM,POLICY_DRIVEN|SUPPLY_CONTRACTION,PARTIAL,SEQUENCE_PARTIAL,PARTIAL,STRUCTURAL_PARTIAL,False,A_SHARE_MARKET,0,WINDOW,WINDOW,positive
CC-2026-OFFSHORE-WIND,C-2024-RES-GOLD-CB,campaign,资源,CROSS_MACRO_THEME,MAIN_RISE,MISMATCH,MISMATCH,NONE,,MISMATCH,SEQUENCE_MISMATCH,MISMATCH,NO_VALID_CORRESPONDENCE,False,A_SHARE_MARKET,0,NULL,NULL,positive
CC-2026-OFFSHORE-WIND,C-2016-PANEL-CYCLE,campaign,电子,CROSS_MACRO_THEME,MAIN_RISE,MISMATCH,PERIPHERAL_OVERLAP,PERIPHERAL_ONLY,SUPPLY_CONTRACTION,NOT_AVAILABLE,NOT_AVAILABLE,NOT_AVAILABLE,INSUFFICIENT_EVIDENCE,False,INDUSTRY_COMPANY_ONLY,0,WINDOW,WINDOW,positive
CC-2026-OFFSHORE-WIND,C-2019-SEMI-LOCALIZATION,campaign,电子,CROSS_MACRO_THEME,MAIN_RISE,MISMATCH,MISMATCH,NONE,,PARTIAL,SEQUENCE_PARTIAL,PARTIAL,STRUCTURAL_PARTIAL,False,A_SHARE_MARKET,0,EXACT,WINDOW,positive
CC-2026-OFFSHORE-WIND,C-2019-CONSUMER-TWS,campaign,,CROSS_MACRO_THEME,MAIN_RISE,MISMATCH,MISMATCH,NONE,,MISMATCH,SEQUENCE_MISMATCH,MISMATCH,NO_VALID_CORRESPONDENCE,False,A_SHARE_MARKET,0,EXACT,WINDOW,positive
CC-2026-OFFSHORE-WIND,C-2020-SEMI-EQUIPMENT,campaign,电子,CROSS_MACRO_THEME,MAIN_RISE,MISMATCH,PERIPHERAL_OVERLAP,PERIPHERAL_ONLY,SUPPLY_CONTRACTION,PARTIAL,SEQUENCE_PARTIAL,PARTIAL,NO_VALID_CORRESPONDENCE,False,A_SHARE_MARKET,0,EXACT,WINDOW,positive
CC-2026-OFFSHORE-WIND,C-2020-PANEL-CYCLE,campaign,电子,CROSS_MACRO_THEME,MAIN_RISE,MISMATCH,PERIPHERAL_OVERLAP,PERIPHERAL_ONLY,SUPPLY_CONTRACTION,PARTIAL,SEQUENCE_PARTIAL,MISMATCH,NO_VALID_CORRESPONDENCE,False,A_SHARE_MARKET,0,WINDOW,WINDOW,positive
CC-2026-OFFSHORE-WIND,C-2022-SEMI-DOWNTURN,campaign,电子,CROSS_MACRO_THEME,SECONDARY,MISMATCH,PERIPHERAL_OVERLAP,PERIPHERAL_ONLY,SUPPLY_CONTRACTION,NOT_AVAILABLE,NOT_AVAILABLE,MISMATCH,NO_VALID_CORRESPONDENCE,False,A_SHARE_MARKET,0,WINDOW,EXACT,weak
CC-2026-OFFSHORE-WIND,C-2023-AI-COMPUTE-SEMI,campaign,电子,CROSS_MACRO_THEME,MAIN_RISE,MISMATCH,MISMATCH,NONE,,NOT_AVAILABLE,NOT_AVAILABLE,MISMATCH,NO_VALID_CORRESPONDENCE,False,A_SHARE_MARKET,0,EXACT,WINDOW,positive
CC-2026-OFFSHORE-WIND,C-2024-SEMI-MEMORY,campaign,电子,CROSS_MACRO_THEME,MAIN_RISE,MISMATCH,PARTIAL,MULTI_MECHANISM,POLICY_DRIVEN|SUPPLY_CONTRACTION,NOT_AVAILABLE,NOT_AVAILABLE,MISMATCH,NO_VALID_CORRESPONDENCE,False,A_SHARE_MARKET,0,EXACT,NULL,positive
CC-2026-OFFSHORE-WIND,RC-2023-HUAWEI,campaign,,CROSS_MACRO_THEME,THEME_FORMING,MATCH,MISMATCH,NONE,,NOT_AVAILABLE,NOT_AVAILABLE,MISMATCH,NO_VALID_CORRESPONDENCE,False,,,,,
CC-2026-OFFSHORE-WIND,RC-2024-SECONDARY,campaign,,CROSS_MACRO_THEME,EARLY_SIGNAL,PARTIAL,NOT_AVAILABLE,NOT_AVAILABLE,,NOT_AVAILABLE,NOT_AVAILABLE,NOT_AVAILABLE,INSUFFICIENT_EVIDENCE,False,,,,,
CC-2026-OFFSHORE-WIND,RC-2020-PANDEMIC,campaign,,CROSS_MACRO_THEME,EARLY_SIGNAL,PARTIAL,MISMATCH,NONE,,NOT_AVAILABLE,NOT_AVAILABLE,MISMATCH,NO_VALID_CORRESPONDENCE,False,,,,,
CC-2026-OFFSHORE-WIND,RC-2021-TCM,campaign,,CROSS_MACRO_THEME,THEME_FORMING,MATCH,PARTIAL,PRIMARY_MECHANISM_OVERLAP,POLICY_DRIVEN,NOT_AVAILABLE,NOT_AVAILABLE,MISMATCH,STRUCTURAL_PARTIAL,False,,,,,
CC-2026-OFFSHORE-WIND,RC-2020-CONS-SMALL-APPLIANCE,campaign,消费,CROSS_MACRO_THEME,,COMPARISON_POINT_UNKNOWN,NOT_AVAILABLE,NOT_AVAILABLE,,NOT_AVAILABLE,NOT_AVAILABLE,NOT_AVAILABLE,INSUFFICIENT_EVIDENCE,False,,,,,
CC-2026-OFFSHORE-WIND,RC-2024-CONS-PET-FOOD,campaign,消费,CROSS_MACRO_THEME,,COMPARISON_POINT_UNKNOWN,NOT_AVAILABLE,NOT_AVAILABLE,,NOT_AVAILABLE,NOT_AVAILABLE,NOT_AVAILABLE,INSUFFICIENT_EVIDENCE,False,,,,,
CC-2026-OFFSHORE-WIND,RC-2020-RES-GOLD-RATES,campaign,资源,CROSS_MACRO_THEME,,COMPARISON_POINT_UNKNOWN,NOT_AVAILABLE,NOT_AVAILABLE,,NOT_AVAILABLE,NOT_AVAILABLE,NOT_AVAILABLE,INSUFFICIENT_EVIDENCE,False,,,,,
CC-2026-OFFSHORE-WIND,RC-2022-RES-FERTILIZER,campaign,资源,CROSS_MACRO_THEME,,COMPARISON_POINT_UNKNOWN,NOT_AVAILABLE,NOT_AVAILABLE,,NOT_AVAILABLE,NOT_AVAILABLE,NOT_AVAILABLE,INSUFFICIENT_EVIDENCE,False,,,,,
CC-2026-OFFSHORE-WIND,RC-2025-RES-COPPER,campaign,资源,CROSS_MACRO_THEME,,COMPARISON_POINT_UNKNOWN,NOT_AVAILABLE,NOT_AVAILABLE,,NOT_AVAILABLE,NOT_AVAILABLE,NOT_AVAILABLE,INSUFFICIENT_EVIDENCE,False,,,,,
CC-2026-OFFSHORE-WIND,RC-2017-RES-ALUMINUM,campaign,资源,CROSS_MACRO_THEME,,COMPARISON_POINT_UNKNOWN,NOT_AVAILABLE,NOT_AVAILABLE,,NOT_AVAILABLE,NOT_AVAILABLE,NOT_AVAILABLE,INSUFFICIENT_EVIDENCE,False,,,,,
CC-2026-OFFSHORE-WIND,RC-2016-RES-CHEM-ENV,campaign,资源,CROSS_MACRO_THEME,,COMPARISON_POINT_UNKNOWN,NOT_AVAILABLE,NOT_AVAILABLE,,NOT_AVAILABLE,NOT_AVAILABLE,NOT_AVAILABLE,INSUFFICIENT_EVIDENCE,False,,,,,
CC-2026-OFFSHORE-WIND,RC-2022-SEMI-CHIPSHORTAGE,campaign,电子,CROSS_MACRO_THEME,,COMPARISON_POINT_UNKNOWN,NOT_AVAILABLE,NOT_AVAILABLE,,NOT_AVAILABLE,NOT_AVAILABLE,NOT_AVAILABLE,INSUFFICIENT_EVIDENCE,False,,,,,
CC-2026-OFFSHORE-WIND,RC-2024-SEMI-FUND3,campaign,电子,CROSS_MACRO_THEME,,COMPARISON_POINT_UNKNOWN,NOT_AVAILABLE,NOT_AVAILABLE,,NOT_AVAILABLE,NOT_AVAILABLE,NOT_AVAILABLE,INSUFFICIENT_EVIDENCE,False,,,,,
CC-2026-OFFSHORE-WIND,RC-2015-SEMI-LEVERAGE,campaign,电子,CROSS_MACRO_THEME,,COMPARISON_POINT_UNKNOWN,NOT_AVAILABLE,NOT_AVAILABLE,,NOT_AVAILABLE,NOT_AVAILABLE,NOT_AVAILABLE,INSUFFICIENT_EVIDENCE,False,,,,,
CC-2026-OFFSHORE-WIND,RC-2017-GPU-MINING,campaign,电子,CROSS_MACRO_THEME,,COMPARISON_POINT_UNKNOWN,NOT_AVAILABLE,NOT_AVAILABLE,,NOT_AVAILABLE,NOT_AVAILABLE,NOT_AVAILABLE,INSUFFICIENT_EVIDENCE,False,,,,,
CC-2026-OFFSHORE-WIND,RC-2024-HIEQ-EQUIP-UPDATE,campaign,,CROSS_MACRO_THEME,MAIN_RISE,MISMATCH,NOT_AVAILABLE,NOT_AVAILABLE,,MISMATCH,SEQUENCE_MISMATCH,MISMATCH,INSUFFICIENT_EVIDENCE,False,,,,,
CC-2026-OFFSHORE-WIND,RC-2024-HIEQ-HUMANOID-MASS,campaign,高端装备,CROSS_MACRO_THEME,MAIN_RISE,MISMATCH,NOT_AVAILABLE,NOT_AVAILABLE,,MISMATCH,SEQUENCE_MISMATCH,MISMATCH,INSUFFICIENT_EVIDENCE,False,,,,,
CC-2026-OFFSHORE-WIND,RC-2024-RE-POLICY-517,campaign,房地产,CROSS_MACRO_THEME,,COMPARISON_POINT_UNKNOWN,NOT_AVAILABLE,NOT_AVAILABLE,,NOT_AVAILABLE,NOT_AVAILABLE,NOT_AVAILABLE,INSUFFICIENT_EVIDENCE,False,,,,,
CC-2026-OFFSHORE-WIND,RC-2019-RE-EASING,campaign,房地产,CROSS_MACRO_THEME,,COMPARISON_POINT_UNKNOWN,NOT_AVAILABLE,NOT_AVAILABLE,,NOT_AVAILABLE,NOT_AVAILABLE,NOT_AVAILABLE,INSUFFICIENT_EVIDENCE,False,,,,,
CC-2026-OFFSHORE-WIND,RC-2020-FIN-BROKER-VOLUME,campaign,金融,CROSS_MACRO_THEME,,COMPARISON_POINT_UNKNOWN,NOT_AVAILABLE,NOT_AVAILABLE,,NOT_AVAILABLE,NOT_AVAILABLE,NOT_AVAILABLE,INSUFFICIENT_EVIDENCE,False,,,,,
CC-2026-OFFSHORE-WIND,RC-2016-RE-SHANTY,campaign,房地产,CROSS_MACRO_THEME,,COMPARISON_POINT_UNKNOWN,NOT_AVAILABLE,NOT_AVAILABLE,,NOT_AVAILABLE,NOT_AVAILABLE,NOT_AVAILABLE,INSUFFICIENT_EVIDENCE,False,,,,,
CC-2026-OFFSHORE-WIND,RC-2015-FIN-LEVERAGE,campaign,,CROSS_MACRO_THEME,,COMPARISON_POINT_UNKNOWN,NOT_AVAILABLE,NOT_AVAILABLE,,NOT_AVAILABLE,NOT_AVAILABLE,NOT_AVAILABLE,INSUFFICIENT_EVIDENCE,False,,,,,
CC-2026-OFFSHORE-WIND,RC-2019-MIL-PARADE-70,campaign,国防军工,CROSS_MACRO_THEME,MAIN_RISE,MISMATCH,NOT_AVAILABLE,NOT_AVAILABLE,,NOT_AVAILABLE,NOT_AVAILABLE,NOT_AVAILABLE,INSUFFICIENT_EVIDENCE,False,,,,,
CC-2026-OFFSHORE-WIND,RC-2025-MIL-PARADE-80,campaign,国防军工,CROSS_MACRO_THEME,MAIN_RISE,MISMATCH,MISMATCH,NONE,,NOT_AVAILABLE,NOT_AVAILABLE,NOT_AVAILABLE,INSUFFICIENT_EVIDENCE,False,,,,,
CC-2026-OFFSHORE-WIND,RC-2017-MIL-MIXED-REFORM,campaign,,CROSS_MACRO_THEME,MAIN_RISE,MISMATCH,PERIPHERAL_OVERLAP,PERIPHERAL_ONLY,POLICY_DRIVEN,NOT_AVAILABLE,NOT_AVAILABLE,NOT_AVAILABLE,INSUFFICIENT_EVIDENCE,False,,,,,
CC-2026-OFFSHORE-WIND,RC-2015-MIL-REFORM-BULL,campaign,国防军工,CROSS_MACRO_THEME,DECLINING,MISMATCH,MISMATCH,NONE,,NOT_AVAILABLE,NOT_AVAILABLE,NOT_AVAILABLE,INSUFFICIENT_EVIDENCE,False,,,,,
CC-2026-OFFSHORE-WIND,RC-2024-MIL-COMMERCIAL-SPACE,campaign,航天装备,CROSS_MACRO_THEME,MAIN_RISE,MISMATCH,PERIPHERAL_OVERLAP,PERIPHERAL_ONLY,POLICY_DRIVEN,NOT_AVAILABLE,NOT_AVAILABLE,NOT_AVAILABLE,INSUFFICIENT_EVIDENCE,False,,,,,
